﻿<?xml version="1.0" encoding="UTF-8"?>
<hg:HG_GridSkikt xmlns:xsi="http://www.w3.org/2001/XMLSchema-instance" xmlns:xlink="http://www.w3.org/1999/xlink" xmlns:swe="http://www.opengis.net/swe/2.0" xmlns:sgk="http://namespace.lantmateriet.se/svenskgeoprocess/base/sgk/3.5" xmlns:sg="http://namespace.lantmateriet.se/svenskgeoprocess/base/sg/3.2" xmlns:gss="http://www.isotc211.org/2005/gss" xmlns:gn="http://inspire.ec.europa.eu/schemas/gn/4.0" xmlns:gmd="http://www.isotc211.org/2005/gmd" xmlns:hg="http://namespace.lantmateriet.se/svenskgeoprocess/hg/3.2" xmlns:hh="http://namespace.lantmateriet.se/svenskgeoprocess/base/hh/3.2" xmlns:gco="http://www.isotc211.org/2005/gco" xmlns:gml="http://www.opengis.net/gml/3.2" xmlns:el-cov="http://inspire.ec.europa.eu/schemas/el-cov/4.0" xmlns:gts="http://www.isotc211.org/2005/gts" xmlns:el-bas="http://inspire.ec.europa.eu/schemas/el-bas/4.0" xmlns:bu-base="http://inspire.ec.europa.eu/schemas/bu-base/4.0" xmlns:gmlcov="http://www.opengis.net/gmlcov/1.0" xmlns:gsr="http://www.isotc211.org/2005/gsr" xmlns:base2="http://inspire.ec.europa.eu/schemas/base2/2.0" xmlns:base="http://inspire.ec.europa.eu/schemas/base/3.3" xmlns:ad="http://inspire.ec.europa.eu/schemas/ad/4.0" gml:id="SE.SGP.HG.42349fe1-67a2-4d31-bb2a-7680e9d02399" xsi:schemaLocation="http://namespace.lantmateriet.se/svenskgeoprocess/hg/3.2 http://namespace.lantmateriet.se/svenskgeoprocess/hg/3.2/HG_Grid.xsd">
	<gml:boundedBy>
		<gml:Envelope srsName="urn:ogc:def:crs:EPSG::3013" srsDimension="2">
			<gml:lowerCorner>6721728.618 145315.3138673312</gml:lowerCorner>
			<gml:upperCorner>6721880.650736916 145480.5407668202</gml:upperCorner>
		</gml:Envelope>
	</gml:boundedBy>
	<gml:domainSet/>
	<gml:rangeSet>
		<gml:File>
			<gml:rangeParameters/>
			<gml:fileReference/>
			<gml:fileStructure/>
		</gml:File>
	</gml:rangeSet>
	<gmlcov:rangeType/>
	<el-cov:beginLifespanVersion>2019-01-16T11:11:49.7502777</el-cov:beginLifespanVersion>
	<el-cov:domainExtent>
		<gmd:EX_Extent>
			<gmd:description>
				<gco:CharacterString>Gridskiktets utbredning enligt det geografiska koordinatsystemet WGS 84 (EPSG:4326)</gco:CharacterString>
			</gmd:description>
			<gmd:geographicElement>
				<gmd:EX_GeographicBoundingBox>
					<gmd:westBoundLongitude>
						<gco:Decimal>15.664469337527875</gco:Decimal>
					</gmd:westBoundLongitude>
					<gmd:eastBoundLongitude>
						<gco:Decimal>15.667489247657102</gco:Decimal>
					</gmd:eastBoundLongitude>
					<gmd:southBoundLatitude>
						<gco:Decimal>60.607200823807773</gco:Decimal>
					</gmd:southBoundLatitude>
					<gmd:northBoundLatitude>
						<gco:Decimal>60.608567132715862</gco:Decimal>
					</gmd:northBoundLatitude>
				</gmd:EX_GeographicBoundingBox>
			</gmd:geographicElement>
		</gmd:EX_Extent>
	</el-cov:domainExtent>
	<el-cov:endLifespanVersion xsi:nil="true" nilReason="unknown"/>
	<el-cov:inspireId>
		<base:Identifier>
			<base:localId>42349fe1-67a2-4d31-bb2a-7680e9d02399</base:localId>
			<base:namespace>SE.SGP.HG</base:namespace>
		</base:Identifier>
	</el-cov:inspireId>
	<el-cov:propertyType>height</el-cov:propertyType>
	<el-cov:surfaceType>DTM</el-cov:surfaceType>
	<hg:hojdfilIdentifierare xlink:href="Falun8_38_20181025_Markmodell.asc"/>
	<hg:gridUpplosning>0.29986733119600001</hg:gridUpplosning>
	<hg:gridfilFormat>ASCII Grid</hg:gridfilFormat>
	<hg:interpoleringMetod xsi:nil="true" nilReason="unknown"/>
	<hg:brytlinjer xsi:nil="true" nilReason="unknown"/>
	<hg:ogiltigaOmraden xsi:nil="true" nilReason="unknown"/>
	<hg:koordinatsystemPlan>EPSG:3013</hg:koordinatsystemPlan>
	<hg:hojdsystem>EPSG:5613</hg:hojdsystem>
	<hg:metadata xsi:nil="true" nilReason="unknown"/>
	<hg:ursprung>
		<hh:HH_Ursprung gml:id="SE.SGP.HG.00e936b8-c0b1-4aab-bdc0-64d354446f16">
			<hh:ursprungId>00e936b8-c0b1-4aab-bdc0-64d354446f16</hh:ursprungId>
			<hh:geometri>
				<gml:MultiSurface gml:id="id-1ad0d329-d18f-44bf-8be7-2045bde8517b-0" srsName="urn:ogc:def:crs:EPSG::3013" srsDimension="2">
					<gml:surfaceMember>
						<gml:Surface gml:id="id-1ad0d329-d18f-44bf-8be7-2045bde8517b-1">
							<gml:patches>
								<gml:PolygonPatch>
									<gml:exterior>
										<gml:LinearRing>
											<gml:posList>6721728.618 145478.74156283302 6721728.618 145315.91360199358 6721728.917867331 145315.91360199358 6721728.917867331 145315.6137346624 6721729.517601993 145315.6137346624 6721729.517601993 145315.3138673312 6721880.051002254 145315.3138673312 6721880.051002254 145315.6137346624 6721880.350869585 145315.6137346624 6721880.350869585 145417.86849460023 6721880.650736916 145417.86849460023 6721880.650736916 145476.34262418345 6721880.350869585 145476.34262418345 6721880.350869585 145479.3412974954 6721880.051002254 145479.3412974954 6721880.051002254 145479.6411648266 6721879.751134923 145479.6411648266 6721879.751134923 145479.9410321578 6721879.15140026 145479.9410321578 6721879.15140026 145480.240899489 6721767.900620386 145480.240899489 6721767.900620386 145480.5407668202 6721736.714417942 145480.5407668202 6721736.714417942 145480.240899489 6721729.517601993 145480.240899489 6721729.517601993 145479.9410321578 6721729.217734662 145479.9410321578 6721729.217734662 145479.3412974954 6721728.917867331 145479.3412974954 6721728.917867331 145478.74156283302 6721728.618 145478.74156283302</gml:posList>
										</gml:LinearRing>
									</gml:exterior>
								</gml:PolygonPatch>
							</gml:patches>
						</gml:Surface>
					</gml:surfaceMember>
				</gml:MultiSurface>
			</hh:geometri>
			<hh:insamlingMetod>automatisk bildmatchning</hh:insamlingMetod>
			<hh:insamlingPeriod xsi:nil="true" nilReason="unknown"/>
			<hh:lagesosakerhetHojd>0.050000000000000003</hh:lagesosakerhetHojd>
		</hh:HH_Ursprung>
	</hg:ursprung>
</hg:HG_GridSkikt>
