﻿<?xml version="1.0" encoding="UTF-8"?>
<hk:HK_HojdDjupKurvorDatamangd xmlns:xsi="http://www.w3.org/2001/XMLSchema-instance" xmlns:xlink="http://www.w3.org/1999/xlink" xmlns:sgk="http://namespace.lantmateriet.se/svenskgeoprocess/base/sgk/3.5" xmlns:gts="http://www.isotc211.org/2005/gts" xmlns:gss="http://www.isotc211.org/2005/gss" xmlns:gn="http://inspire.ec.europa.eu/schemas/gn/4.0" xmlns:gmd="http://www.isotc211.org/2005/gmd" xmlns:hh="http://namespace.lantmateriet.se/svenskgeoprocess/base/hh/3.2" xmlns:gco="http://www.isotc211.org/2005/gco" xmlns:gml="http://www.opengis.net/gml/3.2" xmlns:el-vec="http://inspire.ec.europa.eu/schemas/el-vec/4.0" xmlns:hk="http://namespace.lantmateriet.se/svenskgeoprocess/hk/3.2" xmlns:el-bas="http://inspire.ec.europa.eu/schemas/el-bas/4.0" xmlns:sg="http://namespace.lantmateriet.se/svenskgeoprocess/base/sg/3.2" xmlns:bu-base="http://inspire.ec.europa.eu/schemas/bu-base/4.0" xmlns:gsr="http://www.isotc211.org/2005/gsr" xmlns:base2="http://inspire.ec.europa.eu/schemas/base2/2.0" xmlns:base="http://inspire.ec.europa.eu/schemas/base/3.3" xmlns:ad="http://inspire.ec.europa.eu/schemas/ad/4.0" gml:id="SE.SGP.HK.4b001587-f2c6-41d3-905b-60787ef7ae03" xsi:schemaLocation="http://namespace.lantmateriet.se/svenskgeoprocess/hk/3.2 http://namespace.lantmateriet.se/svenskgeoprocess/hk/3.2/HK_HojdDjupKurvor.xsd">
	<gml:boundedBy>
		<gml:Envelope srsName="urn:ogc:def:crs:EPSG::3013" srsDimension="2">
			<gml:lowerCorner>6721650.3937 145218.3864000002</gml:lowerCorner>
			<gml:upperCorner>6721672.188999999 145247.03720000014</gml:upperCorner>
		</gml:Envelope>
	</gml:boundedBy>
	<sg:id>
		<base:Identifier>
			<base:localId>4b001587-f2c6-41d3-905b-60787ef7ae03</base:localId>
			<base:namespace>SE.SGP.HK</base:namespace>
		</base:Identifier>
	</sg:id>
	<sg:uttagDatum>2019-02-15T08:29:35.8707534</sg:uttagDatum>
	<sg:metadata xsi:nil="true" nilReason="unknown"/>
	<sg:koordinatsystemPlan>EPSG:3013</sg:koordinatsystemPlan>
	<sg:hojdsystem>EPSG:5613</sg:hojdsystem>
	<sg:dimension>3</sg:dimension>
	<hk:geometri>
		<gml:MultiSurface gml:id="id-d9abdd23-e692-474d-8f05-8af0945f9b9f-0" srsName="urn:ogc:def:crs:EPSG::3013" srsDimension="2">
			<gml:surfaceMember>
				<gml:Surface gml:id="id-d9abdd23-e692-474d-8f05-8af0945f9b9f-1">
					<gml:patches>
						<gml:PolygonPatch>
							<gml:exterior>
								<gml:LinearRing>
									<gml:posList>6721650.3937 145218.3864000002 6721650.3937 145247.03720000014 6721672.188999999 145247.03720000014 6721672.188999999 145218.3864000002 6721650.3937 145218.3864000002</gml:posList>
								</gml:LinearRing>
							</gml:exterior>
						</gml:PolygonPatch>
					</gml:patches>
				</gml:Surface>
			</gml:surfaceMember>
		</gml:MultiSurface>
	</hk:geometri>
	<hk:ekvidistans>10</hk:ekvidistans>
	<hk:insamlingMetod>flygburen laserskanning</hk:insamlingMetod>
	<hk:kurva>
		<hk:HK_HojdDjupKurva gml:id="SE.SGP.HK.47045c04-5b91-4127-a992-6d3be33accbc">
			<gml:boundedBy>
				<gml:Envelope srsName="urn:ogc:def:crs:EPSG::3013" srsDimension="2">
					<gml:lowerCorner>6721666.7917 145240.87689999957</gml:lowerCorner>
					<gml:upperCorner>6721667.1973 145247.03720000014</gml:upperCorner>
				</gml:Envelope>
			</gml:boundedBy>
			<el-vec:beginLifespanVersion>2019-02-15T08:29:35.7336154</el-vec:beginLifespanVersion>
			<el-vec:endLifespanVersion xsi:nil="true" nilReason="inapplicable"/>
			<el-vec:propertyType>height</el-vec:propertyType>
			<el-vec:contourLineType xsi:nil="true" nilReason="unknown"/>
			<el-vec:downRight xsi:nil="true" nilReason="unknown"/>
			<el-vec:geometry>
				<gml:LineString gml:id="id-26f1afce-0863-4d2a-90f3-22945a142aab-0" srsName="urn:ogc:def:crs:EPSG::3013" srsDimension="3">
					<gml:posList>6721667.1973 145240.87689999957 150 6721667.158399999 145240.94629999995 150 6721666.7917 145242.17300000042 150 6721666.9034 145245.52639999986 150 6721667.1426 145247.03720000014 150</gml:posList>
				</gml:LineString>
			</el-vec:geometry>
			<el-vec:propertyValue>150.000</el-vec:propertyValue>
			<hk:kurvaId>
				<base:Identifier>
					<base:localId>47045c04-5b91-4127-a992-6d3be33accbc</base:localId>
					<base:namespace>SE.SGP.HK</base:namespace>
				</base:Identifier>
			</hk:kurvaId>
		</hk:HK_HojdDjupKurva>
	</hk:kurva>
	<hk:kurva>
		<hk:HK_HojdDjupKurva gml:id="SE.SGP.HK.eac880f2-9c35-40ed-9321-0ebee30729ad">
			<gml:boundedBy>
				<gml:Envelope srsName="urn:ogc:def:crs:EPSG::3013" srsDimension="2">
					<gml:lowerCorner>6721650.3937 145218.3864000002</gml:lowerCorner>
					<gml:upperCorner>6721672.188999999 145239.15390000027</gml:upperCorner>
				</gml:Envelope>
			</gml:boundedBy>
			<el-vec:beginLifespanVersion>2019-02-15T08:29:35.8556895</el-vec:beginLifespanVersion>
			<el-vec:endLifespanVersion xsi:nil="true" nilReason="inapplicable"/>
			<el-vec:propertyType>height</el-vec:propertyType>
			<el-vec:contourLineType xsi:nil="true" nilReason="unknown"/>
			<el-vec:downRight xsi:nil="true" nilReason="unknown"/>
			<el-vec:geometry>
				<gml:LineString gml:id="id-3b1e0243-ba4f-4bf9-a12c-15a2ff544f6b-0" srsName="urn:ogc:def:crs:EPSG::3013" srsDimension="3">
					<gml:posList>6721652.115700001 145236.5547000002 150 6721650.9332 145231.4472000003 150 6721650.3937 145228.83839999977 150 6721650.6153 145226.7461000001 150 6721651.9608 145224.6743999999 150 6721653.1624 145223.79059999995 150 6721656.339500001 145222.5762 150 6721664.626800001 145218.49239999987 150 6721665.447000001 145218.3864000002 150 6721666.707599999 145218.69830000028 150 6721670.405200001 145220.8532999996 150 6721671.9235 145222.4241000004 150 6721672.1756 145223.16509999987 150 6721672.188999999 145224.53089999966 150 6721669.5744 145236.0404000003 150 6721668.7348 145238.13829999976 150 6721668.1647 145239.15390000027 150</gml:posList>
				</gml:LineString>
			</el-vec:geometry>
			<el-vec:propertyValue>150.000</el-vec:propertyValue>
			<hk:kurvaId>
				<base:Identifier>
					<base:localId>eac880f2-9c35-40ed-9321-0ebee30729ad</base:localId>
					<base:namespace>SE.SGP.HK</base:namespace>
				</base:Identifier>
			</hk:kurvaId>
		</hk:HK_HojdDjupKurva>
	</hk:kurva>
</hk:HK_HojdDjupKurvorDatamangd>
