﻿<?xml version="1.0" encoding="UTF-8"?>
<vt:VT_VattenDatamangd xmlns:xlink="http://www.w3.org/1999/xlink" xmlns:vt="http://namespace.lantmateriet.se/svenskgeoprocess/vt/3.1" xmlns:sr="http://inspire.ec.europa.eu/schemas/sr/4.0" xmlns:sgk="http://namespace.lantmateriet.se/svenskgeoprocess/base/sgk/3.5" xmlns:sg="http://namespace.lantmateriet.se/svenskgeoprocess/base/sg/3.2" xmlns:omor="http://inspire.ec.europa.eu/schemas/omor/3.0" xmlns:omop="http://inspire.ec.europa.eu/schemas/omop/3.0" xmlns:om="http://www.opengis.net/om/2.0" xmlns:net="http://inspire.ec.europa.eu/schemas/net/4.0" xmlns:hy="http://inspire.ec.europa.eu/schemas/hy/4.0" xmlns:hy-n="http://inspire.ec.europa.eu/schemas/hy-n/4.0" xmlns:gts="http://www.isotc211.org/2005/gts" xmlns:gss="http://www.isotc211.org/2005/gss" xmlns:gn="http://inspire.ec.europa.eu/schemas/gn/4.0" xmlns:gmd="http://www.isotc211.org/2005/gmd" xmlns:xsi="http://www.w3.org/2001/XMLSchema-instance" xmlns:ge="http://namespace.lantmateriet.se/svenskgeoprocess/base/ge/3.2" xmlns:gco="http://www.isotc211.org/2005/gco" xmlns:gml="http://www.opengis.net/gml/3.2" xmlns:bu-base="http://inspire.ec.europa.eu/schemas/bu-base/4.0" xmlns:gsr="http://www.isotc211.org/2005/gsr" xmlns:base2="http://inspire.ec.europa.eu/schemas/base2/2.0" xmlns:base="http://inspire.ec.europa.eu/schemas/base/3.3" xmlns:ad="http://inspire.ec.europa.eu/schemas/ad/4.0" xmlns:hy-p="http://inspire.ec.europa.eu/schemas/hy-p/4.0" gml:id="SE.SGP.VT.90b888cb-73c8-4c5d-8d9f-97085cbea4fa" xsi:schemaLocation="http://namespace.lantmateriet.se/svenskgeoprocess/vt/3.1 http://namespace.lantmateriet.se/svenskgeoprocess/vt/3.1/VT_Vatten.xsd">
	<gml:boundedBy>
		<gml:Envelope srsName="urn:ogc:def:crs:EPSG::3013" srsDimension="2">
			<gml:lowerCorner>6721563.111400001 145198.3535000002</gml:lowerCorner>
			<gml:upperCorner>6721900.2984 145664.19340000022</gml:upperCorner>
		</gml:Envelope>
	</gml:boundedBy>
	<sg:id>
		<base:Identifier>
			<base:localId>90b888cb-73c8-4c5d-8d9f-97085cbea4fa</base:localId>
			<base:namespace>SE.SGP.VT</base:namespace>
		</base:Identifier>
	</sg:id>
	<sg:uttagDatum>2019-01-16T11:12:27.2700619</sg:uttagDatum>
	<sg:metadata xsi:nil="true" nilReason="unknown"/>
	<sg:koordinatsystemPlan>EPSG:3013</sg:koordinatsystemPlan>
	<sg:hojdsystem>EPSG:5613</sg:hojdsystem>
	<sg:dimension>3</sg:dimension>
	<vt:stillastaendeVatten>
		<vt:VT_StillastaendeVatten gml:id="SE.SGP.VT.1b8d314d-e356-4c67-a595-5d3e9115647f">
			<gml:boundedBy>
				<gml:Envelope srsName="urn:ogc:def:crs:EPSG::3013" srsDimension="2">
					<gml:lowerCorner>6721829.941400001 145200.06130000018</gml:lowerCorner>
					<gml:upperCorner>6721853.555 145230.73500000034</gml:upperCorner>
				</gml:Envelope>
			</gml:boundedBy>
			<hy-p:beginLifespanVersion>2019-01-16T11:12:27.2567622</hy-p:beginLifespanVersion>
			<hy-p:geometry>
				<gml:LineString gml:id="id-90d2a7e3-adf5-4c2a-a18f-1bbcc06bb23c-0" srsName="urn:ogc:def:crs:EPSG::3013" srsDimension="3">
					<gml:posList>6721836.5339 145229.46860000025 145.12170000000333 6721834.285 145223.65809999965 145.00239999999758 6721832.9715 145217.6989000002 145.02520000000368 6721831.7335 145211.7399000004 145.04790000000503 6721830.174699999 145207.5292999996 145.11599999999453 6721829.941400001 145204.09090000018 145.12669999999343 6721829.959899999 145202.58299999963 145.12669999999343 6721830.8071 145201.48429999966 145.12669999999343 6721833.5098 145200.20889999997 145.12669999999343 6721834.8675 145200.06130000018 145.12669999999343 6721835.8618 145200.56130000018 145.12669999999343 6721838.386499999 145204.48759999964 145.12669999999343 6721841.1822 145208.64080000017 145.12669999999343 6721843.605599999 145210.74239999987 145.12669999999343 6721845.5188 145211.72699999996 145.12669999999343 6721849.9388999995 145212.82849999983 145.0408000000025 6721852.205700001 145214.5290000001 145.0408000000025 6721853.3113 145216.57859999966 145.0408000000025 6721853.555 145217.75490000006 145.0408000000025 6721853.2414 145219.43010000046 145.0408000000025 6721852.0231 145221.49930000026 145.0408000000025 6721849.447799999 145224.11419999972 145.0408000000025 6721847.6554000005 145225.80740000028 145.0408000000025 6721845.517000001 145228.0745000001 145.0408000000025 6721842.805199999 145230.32760000043 145.0408000000025 6721839.6623 145230.73500000034 145.09309999999823</gml:posList>
				</gml:LineString>
			</hy-p:geometry>
			<hy-p:inspireId>
				<base:Identifier>
					<base:localId>1b8d314d-e356-4c67-a595-5d3e9115647f</base:localId>
					<base:namespace>SE.SGP.VT</base:namespace>
				</base:Identifier>
			</hy-p:inspireId>
			<hy-p:origin xsi:nil="true" nilReason="unknown"/>
			<hy-p:persistence xsi:nil="true" nilReason="unknown"/>
			<hy-p:tidal xsi:nil="true" nilReason="inapplicable"/>
			<hy-p:drainsBasin xsi:nil="true" nilReason="unknown"/>
			<hy-p:elevation uom="m" xsi:nil="true" nilReason="unknown"/>
			<hy-p:meanDepth uom="m" xsi:nil="true" nilReason="unknown"/>
			<hy-p:surfaceArea uom="m" xsi:nil="true" nilReason="unknown"/>
			<vt:vattenTyp>damm</vt:vattenTyp>
			<vt:geometriMetadata>
				<ge:lagesosakerhetPlan>0.050</ge:lagesosakerhetPlan>
				<ge:lagesosakerhetHojd>0.100</ge:lagesosakerhetHojd>
				<ge:matmetodPlan>fotogrammetrisk detaljmätning (ortofoto)</ge:matmetodPlan>
				<ge:matmetodHojd>fotogrammetrisk detaljmätning (ortofoto)</ge:matmetodHojd>
				<ge:tidpunktMatning>2018-04-17T08:26:52</ge:tidpunktMatning>
				<ge:HMK-Standardniva xsi:nil="true" nilReason="unknown"/>
				<ge:foljerMatningsanvisning xsi:nil="true" nilReason="unknown"/>
				<ge:aktualitet>2018-04-17T08:26:52</ge:aktualitet>
			</vt:geometriMetadata>
		</vt:VT_StillastaendeVatten>
	</vt:stillastaendeVatten>
	<vt:vattendrag>
		<vt:VT_Vattendrag gml:id="SE.SGP.VT.e945c704-28a6-40e9-a4a4-ec464f4aaad2">
			<gml:boundedBy>
				<gml:Envelope srsName="urn:ogc:def:crs:EPSG::3013" srsDimension="2">
					<gml:lowerCorner>6721825.1547 145278.19039999973</gml:lowerCorner>
					<gml:upperCorner>6721870.873400001 145342.03780000005</gml:upperCorner>
				</gml:Envelope>
			</gml:boundedBy>
			<hy-p:beginLifespanVersion>2019-01-16T11:12:27.1095608</hy-p:beginLifespanVersion>
			<hy-p:geometry>
				<gml:LineString gml:id="id-a426ad03-737b-42d2-80ba-bca5fdd54bbd-0" srsName="urn:ogc:def:crs:EPSG::3013" srsDimension="3">
					<gml:posList>6721825.1547 145278.19039999973 146.00729999999749 6721829.063100001 145282.1760999998 146.00810000000638 6721832.9015 145287.27180000022 145.96839999999793 6721862.797800001 145339.5061999997 146.92919999999867 6721870.306 145342.03780000005 146.9195000000036 6721870.873400001 145340.20040000044 146.5902999999962 6721864.8643 145337.77550000045 146.54769999999553 6721861.9059 145332.7240000004 146.75659999999334 6721844.5298999995 145303.83690000046 146.76690000000235 6721830.649599999 145280.46169999987 146.06470000000263 6721826.8101 145278.6629999997 145.9262000000017 6721825.1547 145278.19039999973 146.00729999999749</gml:posList>
				</gml:LineString>
			</hy-p:geometry>
			<hy-p:inspireId>
				<base:Identifier>
					<base:localId>e945c704-28a6-40e9-a4a4-ec464f4aaad2</base:localId>
					<base:namespace>SE.SGP.VT</base:namespace>
				</base:Identifier>
			</hy-p:inspireId>
			<hy-p:origin xsi:nil="true" nilReason="unknown"/>
			<hy-p:persistence xsi:nil="true" nilReason="unknown"/>
			<hy-p:tidal xsi:nil="true" nilReason="unknown"/>
			<hy-p:drainsBasin xsi:nil="true" nilReason="unknown"/>
			<hy-p:delineationKnown xsi:nil="true" nilReason="unknown"/>
			<hy-p:length uom="m" xsi:nil="true" nilReason="unknown"/>
			<hy-p:level xsi:nil="true" nilReason="unknown"/>
			<hy-p:width xsi:nil="true" nilReason="unknown"/>
			<vt:vattenTyp>dike</vt:vattenTyp>
			<vt:geometriMetadata>
				<ge:tidpunktMatning>2000-09-20T00:00:00</ge:tidpunktMatning>
				<ge:HMK-Standardniva xsi:nil="true" nilReason="unknown"/>
				<ge:foljerMatningsanvisning xsi:nil="true" nilReason="unknown"/>
				<ge:aktualitet>2000-09-20T00:00:00</ge:aktualitet>
			</vt:geometriMetadata>
		</vt:VT_Vattendrag>
	</vt:vattendrag>
	<vt:vattendrag>
		<vt:VT_Vattendrag gml:id="SE.SGP.VT.9203944a-0f4c-4f4f-9a88-89093bf861c7">
			<gml:boundedBy>
				<gml:Envelope srsName="urn:ogc:def:crs:EPSG::3013" srsDimension="2">
					<gml:lowerCorner>6721815.3594 145474.40550000034</gml:lowerCorner>
					<gml:upperCorner>6721886.1471 145664.19340000022</gml:upperCorner>
				</gml:Envelope>
			</gml:boundedBy>
			<hy-p:beginLifespanVersion>2019-01-16T11:12:27.2297854</hy-p:beginLifespanVersion>
			<hy-p:geometry>
				<gml:LineString gml:id="id-31530937-3b58-407d-9101-87eb7cd1f0c3-0" srsName="urn:ogc:def:crs:EPSG::3013" srsDimension="3">
					<gml:posList>6721815.3594 145664.19340000022 150.2569999999978 6721819.897600001 145660.8850999996 148.9499999999971 6721844.848099999 145622.40000000037 149.146900000007 6721883.491 145569.6582000004 148.2887999999948 6721886.1471 145565.2899000002 148.3015000000014 6721881.724400001 145551.77469999995 148.3625000000029 6721875.394300001 145520.5552000003 148.4777000000031 6721873.509500001 145507.01080000028 148.75710000000254 6721870.711999999 145482.26520000026 148.6296000000002 6721870.405099999 145474.40550000034 148.7210999999952</gml:posList>
				</gml:LineString>
			</hy-p:geometry>
			<hy-p:inspireId>
				<base:Identifier>
					<base:localId>9203944a-0f4c-4f4f-9a88-89093bf861c7</base:localId>
					<base:namespace>SE.SGP.VT</base:namespace>
				</base:Identifier>
			</hy-p:inspireId>
			<hy-p:origin xsi:nil="true" nilReason="unknown"/>
			<hy-p:persistence xsi:nil="true" nilReason="unknown"/>
			<hy-p:tidal xsi:nil="true" nilReason="unknown"/>
			<hy-p:drainsBasin xsi:nil="true" nilReason="unknown"/>
			<hy-p:delineationKnown xsi:nil="true" nilReason="unknown"/>
			<hy-p:length uom="m" xsi:nil="true" nilReason="unknown"/>
			<hy-p:level xsi:nil="true" nilReason="unknown"/>
			<hy-p:width xsi:nil="true" nilReason="unknown"/>
			<vt:vattenTyp>dike</vt:vattenTyp>
			<vt:geometriMetadata>
				<ge:tidpunktMatning>2018-10-26T15:02:47</ge:tidpunktMatning>
				<ge:HMK-Standardniva xsi:nil="true" nilReason="unknown"/>
				<ge:foljerMatningsanvisning xsi:nil="true" nilReason="unknown"/>
				<ge:aktualitet>2018-10-26T15:02:47</ge:aktualitet>
			</vt:geometriMetadata>
		</vt:VT_Vattendrag>
	</vt:vattendrag>
	<vt:vattendrag>
		<vt:VT_Vattendrag gml:id="SE.SGP.VT.b158dda2-bb20-4d95-9675-9dd5757b7f5e">
			<gml:boundedBy>
				<gml:Envelope srsName="urn:ogc:def:crs:EPSG::3013" srsDimension="2">
					<gml:lowerCorner>6721856.2774 145248.5075000003</gml:lowerCorner>
					<gml:upperCorner>6721900.2984 145263.75019999966</gml:upperCorner>
				</gml:Envelope>
			</gml:boundedBy>
			<hy-p:beginLifespanVersion>2019-01-16T11:12:27.2314202</hy-p:beginLifespanVersion>
			<hy-p:geometry>
				<gml:LineString gml:id="id-2b6dbd7c-3fbb-4bfd-a415-6021e25cc8fe-0" srsName="urn:ogc:def:crs:EPSG::3013" srsDimension="3">
					<gml:posList>6721856.2774 145263.75019999966 146.13469999999506 6721900.2984 145248.5075000003 146.64620000000286</gml:posList>
				</gml:LineString>
			</hy-p:geometry>
			<hy-p:inspireId>
				<base:Identifier>
					<base:localId>b158dda2-bb20-4d95-9675-9dd5757b7f5e</base:localId>
					<base:namespace>SE.SGP.VT</base:namespace>
				</base:Identifier>
			</hy-p:inspireId>
			<hy-p:origin xsi:nil="true" nilReason="unknown"/>
			<hy-p:persistence xsi:nil="true" nilReason="unknown"/>
			<hy-p:tidal xsi:nil="true" nilReason="unknown"/>
			<hy-p:drainsBasin xsi:nil="true" nilReason="unknown"/>
			<hy-p:delineationKnown xsi:nil="true" nilReason="unknown"/>
			<hy-p:length uom="m" xsi:nil="true" nilReason="unknown"/>
			<hy-p:level xsi:nil="true" nilReason="unknown"/>
			<hy-p:width xsi:nil="true" nilReason="unknown"/>
			<vt:vattenTyp>dike</vt:vattenTyp>
			<vt:geometriMetadata>
				<ge:tidpunktMatning>2018-04-17T08:04:40</ge:tidpunktMatning>
				<ge:HMK-Standardniva xsi:nil="true" nilReason="unknown"/>
				<ge:foljerMatningsanvisning xsi:nil="true" nilReason="unknown"/>
				<ge:aktualitet>2018-04-17T08:04:40</ge:aktualitet>
			</vt:geometriMetadata>
		</vt:VT_Vattendrag>
	</vt:vattendrag>
	<vt:vattendrag>
		<vt:VT_Vattendrag gml:id="SE.SGP.VT.1de55a7e-85a0-4b25-bd5e-470f5c3db9dc">
			<gml:boundedBy>
				<gml:Envelope srsName="urn:ogc:def:crs:EPSG::3013" srsDimension="2">
					<gml:lowerCorner>6721739.2796 145262.7100999998</gml:lowerCorner>
					<gml:upperCorner>6721748.339299999 145271.90589999966</gml:upperCorner>
				</gml:Envelope>
			</gml:boundedBy>
			<hy-p:beginLifespanVersion>2019-01-16T11:12:27.2334971</hy-p:beginLifespanVersion>
			<hy-p:geometry>
				<gml:LineString gml:id="id-0882d2b1-1385-44ac-9fb2-2f81d4e1c054-0" srsName="urn:ogc:def:crs:EPSG::3013" srsDimension="3">
					<gml:posList>6721741.420600001 145271.65189999994 145.7039999999979 6721739.5151 145271.90589999966 147.04809999999998 6721739.2796 145270.70050000027 147.15549999999348 6721739.797900001 145268.69749999978 147.05620000000636 6721741.717700001 145267.07809999958 147.00509999999485 6721744.738700001 145265.78380000032 146.79009999999835 6721747.407299999 145264.29459999967 146.56489999999758 6721748.339299999 145262.7100999998 146.42149999999674</gml:posList>
				</gml:LineString>
			</hy-p:geometry>
			<hy-p:inspireId>
				<base:Identifier>
					<base:localId>1de55a7e-85a0-4b25-bd5e-470f5c3db9dc</base:localId>
					<base:namespace>SE.SGP.VT</base:namespace>
				</base:Identifier>
			</hy-p:inspireId>
			<hy-p:origin xsi:nil="true" nilReason="unknown"/>
			<hy-p:persistence xsi:nil="true" nilReason="unknown"/>
			<hy-p:tidal xsi:nil="true" nilReason="unknown"/>
			<hy-p:drainsBasin xsi:nil="true" nilReason="unknown"/>
			<hy-p:delineationKnown xsi:nil="true" nilReason="unknown"/>
			<hy-p:length uom="m" xsi:nil="true" nilReason="unknown"/>
			<hy-p:level xsi:nil="true" nilReason="unknown"/>
			<hy-p:width xsi:nil="true" nilReason="unknown"/>
			<vt:vattenTyp>dike</vt:vattenTyp>
			<vt:geometriMetadata>
				<ge:lagesosakerhetPlan>0.030</ge:lagesosakerhetPlan>
				<ge:lagesosakerhetHojd>0.050</ge:lagesosakerhetHojd>
				<ge:matmetodPlan>geodetisk mätning, GNSS med korrektion</ge:matmetodPlan>
				<ge:matmetodHojd>geodetisk mätning, GNSS med korrektion</ge:matmetodHojd>
				<ge:tidpunktMatning>2017-08-24T09:18:39</ge:tidpunktMatning>
				<ge:HMK-Standardniva xsi:nil="true" nilReason="unknown"/>
				<ge:foljerMatningsanvisning xsi:nil="true" nilReason="unknown"/>
				<ge:aktualitet>2017-08-24T09:18:39</ge:aktualitet>
			</vt:geometriMetadata>
		</vt:VT_Vattendrag>
	</vt:vattendrag>
	<vt:vattendrag>
		<vt:VT_Vattendrag gml:id="SE.SGP.VT.2190f807-aa3a-464b-90bf-01e41a689b24">
			<gml:boundedBy>
				<gml:Envelope srsName="urn:ogc:def:crs:EPSG::3013" srsDimension="2">
					<gml:lowerCorner>6721736.1655 145218.70529999956</gml:lowerCorner>
					<gml:upperCorner>6721740.015000001 145221.6886</gml:upperCorner>
				</gml:Envelope>
			</gml:boundedBy>
			<hy-p:beginLifespanVersion>2019-01-16T11:12:27.235333</hy-p:beginLifespanVersion>
			<hy-p:geometry>
				<gml:LineString gml:id="id-398d62d3-249d-4155-8b5b-5007cbb532f8-0" srsName="urn:ogc:def:crs:EPSG::3013" srsDimension="3">
					<gml:posList>6721740.015000001 145221.6886 145.85229999999865 6721736.1655 145218.70529999956 144.8399000000063</gml:posList>
				</gml:LineString>
			</hy-p:geometry>
			<hy-p:inspireId>
				<base:Identifier>
					<base:localId>2190f807-aa3a-464b-90bf-01e41a689b24</base:localId>
					<base:namespace>SE.SGP.VT</base:namespace>
				</base:Identifier>
			</hy-p:inspireId>
			<hy-p:origin xsi:nil="true" nilReason="unknown"/>
			<hy-p:persistence xsi:nil="true" nilReason="unknown"/>
			<hy-p:tidal xsi:nil="true" nilReason="unknown"/>
			<hy-p:drainsBasin xsi:nil="true" nilReason="unknown"/>
			<hy-p:delineationKnown xsi:nil="true" nilReason="unknown"/>
			<hy-p:length uom="m" xsi:nil="true" nilReason="unknown"/>
			<hy-p:level xsi:nil="true" nilReason="unknown"/>
			<hy-p:width xsi:nil="true" nilReason="unknown"/>
			<vt:vattenTyp>dike</vt:vattenTyp>
			<vt:geometriMetadata>
				<ge:tidpunktMatning>2017-08-24T09:18:39</ge:tidpunktMatning>
				<ge:HMK-Standardniva xsi:nil="true" nilReason="unknown"/>
				<ge:foljerMatningsanvisning xsi:nil="true" nilReason="unknown"/>
				<ge:aktualitet>2017-08-24T09:18:39</ge:aktualitet>
			</vt:geometriMetadata>
		</vt:VT_Vattendrag>
	</vt:vattendrag>
	<vt:vattendrag>
		<vt:VT_Vattendrag gml:id="SE.SGP.VT.77627632-d417-4e8b-9f1a-781030b772e2">
			<gml:boundedBy>
				<gml:Envelope srsName="urn:ogc:def:crs:EPSG::3013" srsDimension="2">
					<gml:lowerCorner>6721730.9515 145214.1431</gml:lowerCorner>
					<gml:upperCorner>6721736.1655 145218.70529999956</gml:upperCorner>
				</gml:Envelope>
			</gml:boundedBy>
			<hy-p:beginLifespanVersion>2019-01-16T11:12:27.2369015</hy-p:beginLifespanVersion>
			<hy-p:geometry>
				<gml:LineString gml:id="id-60a9c7e2-5634-4dd6-8b1d-538faa81d0c2-0" srsName="urn:ogc:def:crs:EPSG::3013" srsDimension="3">
					<gml:posList>6721731.7597 145214.1431 144.86969999999565 6721730.9515 145215.27469999995 145.15519999999378 6721736.1655 145218.70529999956 144.8399000000063</gml:posList>
				</gml:LineString>
			</hy-p:geometry>
			<hy-p:inspireId>
				<base:Identifier>
					<base:localId>77627632-d417-4e8b-9f1a-781030b772e2</base:localId>
					<base:namespace>SE.SGP.VT</base:namespace>
				</base:Identifier>
			</hy-p:inspireId>
			<hy-p:origin xsi:nil="true" nilReason="unknown"/>
			<hy-p:persistence xsi:nil="true" nilReason="unknown"/>
			<hy-p:tidal xsi:nil="true" nilReason="unknown"/>
			<hy-p:drainsBasin xsi:nil="true" nilReason="unknown"/>
			<hy-p:delineationKnown xsi:nil="true" nilReason="unknown"/>
			<hy-p:length uom="m" xsi:nil="true" nilReason="unknown"/>
			<hy-p:level xsi:nil="true" nilReason="unknown"/>
			<hy-p:width xsi:nil="true" nilReason="unknown"/>
			<vt:vattenTyp>dike</vt:vattenTyp>
			<vt:geometriMetadata>
				<ge:tidpunktMatning>2017-08-24T09:18:39</ge:tidpunktMatning>
				<ge:HMK-Standardniva xsi:nil="true" nilReason="unknown"/>
				<ge:foljerMatningsanvisning xsi:nil="true" nilReason="unknown"/>
				<ge:aktualitet>2017-08-24T09:18:39</ge:aktualitet>
			</vt:geometriMetadata>
		</vt:VT_Vattendrag>
	</vt:vattendrag>
	<vt:vattendrag>
		<vt:VT_Vattendrag gml:id="SE.SGP.VT.11122eaf-d72f-4f93-940f-a228a2760302">
			<gml:boundedBy>
				<gml:Envelope srsName="urn:ogc:def:crs:EPSG::3013" srsDimension="2">
					<gml:lowerCorner>6721732.501800001 145292.91089999955</gml:lowerCorner>
					<gml:upperCorner>6721738.847999999 145307.85510000028</gml:upperCorner>
				</gml:Envelope>
			</gml:boundedBy>
			<hy-p:beginLifespanVersion>2019-01-16T11:12:27.2384813</hy-p:beginLifespanVersion>
			<hy-p:geometry>
				<gml:LineString gml:id="id-a59ebc34-0840-47fb-8406-c580635a300a-0" srsName="urn:ogc:def:crs:EPSG::3013" srsDimension="3">
					<gml:posList>6721738.847999999 145292.91089999955 145.99679999999353 6721732.501800001 145307.85510000028 146.56260000000475</gml:posList>
				</gml:LineString>
			</hy-p:geometry>
			<hy-p:inspireId>
				<base:Identifier>
					<base:localId>11122eaf-d72f-4f93-940f-a228a2760302</base:localId>
					<base:namespace>SE.SGP.VT</base:namespace>
				</base:Identifier>
			</hy-p:inspireId>
			<hy-p:origin xsi:nil="true" nilReason="unknown"/>
			<hy-p:persistence xsi:nil="true" nilReason="unknown"/>
			<hy-p:tidal xsi:nil="true" nilReason="unknown"/>
			<hy-p:drainsBasin xsi:nil="true" nilReason="unknown"/>
			<hy-p:delineationKnown xsi:nil="true" nilReason="unknown"/>
			<hy-p:length uom="m" xsi:nil="true" nilReason="unknown"/>
			<hy-p:level xsi:nil="true" nilReason="unknown"/>
			<hy-p:width xsi:nil="true" nilReason="unknown"/>
			<vt:vattenTyp>dike</vt:vattenTyp>
			<vt:geometriMetadata>
				<ge:tidpunktMatning>2017-06-30T14:02:11</ge:tidpunktMatning>
				<ge:HMK-Standardniva xsi:nil="true" nilReason="unknown"/>
				<ge:foljerMatningsanvisning xsi:nil="true" nilReason="unknown"/>
				<ge:aktualitet>2017-06-30T14:02:11</ge:aktualitet>
			</vt:geometriMetadata>
		</vt:VT_Vattendrag>
	</vt:vattendrag>
	<vt:vattendrag>
		<vt:VT_Vattendrag gml:id="SE.SGP.VT.66d93d00-a821-4cf6-80b2-a58857c90280">
			<gml:boundedBy>
				<gml:Envelope srsName="urn:ogc:def:crs:EPSG::3013" srsDimension="2">
					<gml:lowerCorner>6721729.5156 145300.4397</gml:lowerCorner>
					<gml:upperCorner>6721733.162599999 145307.72809999995</gml:upperCorner>
				</gml:Envelope>
			</gml:boundedBy>
			<hy-p:beginLifespanVersion>2019-01-16T11:12:27.2399917</hy-p:beginLifespanVersion>
			<hy-p:geometry>
				<gml:LineString gml:id="id-89de31ed-51a0-49c0-9b8b-0a6d263c08bc-0" srsName="urn:ogc:def:crs:EPSG::3013" srsDimension="3">
					<gml:posList>6721729.5156 145307.72809999995 146.60779999999795 6721731.6489 145303.07799999975 145.98450000000594 6721733.162599999 145300.4397 146.0109999999986</gml:posList>
				</gml:LineString>
			</hy-p:geometry>
			<hy-p:inspireId>
				<base:Identifier>
					<base:localId>66d93d00-a821-4cf6-80b2-a58857c90280</base:localId>
					<base:namespace>SE.SGP.VT</base:namespace>
				</base:Identifier>
			</hy-p:inspireId>
			<hy-p:origin xsi:nil="true" nilReason="unknown"/>
			<hy-p:persistence xsi:nil="true" nilReason="unknown"/>
			<hy-p:tidal xsi:nil="true" nilReason="unknown"/>
			<hy-p:drainsBasin xsi:nil="true" nilReason="unknown"/>
			<hy-p:delineationKnown xsi:nil="true" nilReason="unknown"/>
			<hy-p:length uom="m" xsi:nil="true" nilReason="unknown"/>
			<hy-p:level xsi:nil="true" nilReason="unknown"/>
			<hy-p:width xsi:nil="true" nilReason="unknown"/>
			<vt:vattenTyp>dike</vt:vattenTyp>
			<vt:geometriMetadata>
				<ge:tidpunktMatning>2017-06-30T14:02:11</ge:tidpunktMatning>
				<ge:HMK-Standardniva xsi:nil="true" nilReason="unknown"/>
				<ge:foljerMatningsanvisning xsi:nil="true" nilReason="unknown"/>
				<ge:aktualitet>2017-06-30T14:02:11</ge:aktualitet>
			</vt:geometriMetadata>
		</vt:VT_Vattendrag>
	</vt:vattendrag>
	<vt:vattendrag>
		<vt:VT_Vattendrag gml:id="SE.SGP.VT.0ebe8aee-5fdd-4597-92c5-df7408829b92">
			<gml:boundedBy>
				<gml:Envelope srsName="urn:ogc:def:crs:EPSG::3013" srsDimension="2">
					<gml:lowerCorner>6721690.8498 145312.90539999958</gml:lowerCorner>
					<gml:upperCorner>6721730.357100001 145440.38150000013</gml:upperCorner>
				</gml:Envelope>
			</gml:boundedBy>
			<hy-p:beginLifespanVersion>2019-01-16T11:12:27.2416727</hy-p:beginLifespanVersion>
			<hy-p:geometry>
				<gml:LineString gml:id="id-1d46a581-081c-403b-8ee4-266831c21f57-0" srsName="urn:ogc:def:crs:EPSG::3013" srsDimension="3">
					<gml:posList>6721730.357100001 145312.90539999958 146.4499000000069 6721726.109200001 145322.90859999973 146.87780000000203 6721700.158299999 145381.42459999956 147.4673999999941 6721698.5801 145385.8169999998 147.8362999999954 6721696.163899999 145390.12600000016 147.78690000000643 6721690.8498 145403.77950000018 147.27730000000156 6721691.6208 145406.04289999977 147.5176000000065 6721704.6425 145411.13260000013 147.04839999999967 6721708.0732 145411.9863 147.16939999999886 6721711.1263 145409.17129999958 148.04230000000098 6721716.237600001 145414.34159999993 147.33409999999276 6721708.0627999995 145428.10869999975 148.26440000000002 6721702.644300001 145429.56929999962 148.16180000000168 6721700.9201 145432.1054999996 148.1594999999943 6721697.1163 145438.6621000003 148.09010000000126 6721694.635199999 145440.38150000013 148.0581999999995</gml:posList>
				</gml:LineString>
			</hy-p:geometry>
			<hy-p:inspireId>
				<base:Identifier>
					<base:localId>0ebe8aee-5fdd-4597-92c5-df7408829b92</base:localId>
					<base:namespace>SE.SGP.VT</base:namespace>
				</base:Identifier>
			</hy-p:inspireId>
			<hy-p:origin xsi:nil="true" nilReason="unknown"/>
			<hy-p:persistence xsi:nil="true" nilReason="unknown"/>
			<hy-p:tidal xsi:nil="true" nilReason="unknown"/>
			<hy-p:drainsBasin xsi:nil="true" nilReason="unknown"/>
			<hy-p:delineationKnown xsi:nil="true" nilReason="unknown"/>
			<hy-p:length uom="m" xsi:nil="true" nilReason="unknown"/>
			<hy-p:level xsi:nil="true" nilReason="unknown"/>
			<hy-p:width xsi:nil="true" nilReason="unknown"/>
			<vt:vattenTyp>dike</vt:vattenTyp>
			<vt:geometriMetadata>
				<ge:tidpunktMatning>2017-11-13T10:40:16</ge:tidpunktMatning>
				<ge:HMK-Standardniva xsi:nil="true" nilReason="unknown"/>
				<ge:foljerMatningsanvisning xsi:nil="true" nilReason="unknown"/>
				<ge:aktualitet>2017-11-13T10:40:16</ge:aktualitet>
			</vt:geometriMetadata>
		</vt:VT_Vattendrag>
	</vt:vattendrag>
	<vt:vattendrag>
		<vt:VT_Vattendrag gml:id="SE.SGP.VT.e29c127f-2f38-48d9-8419-340f6a0c6c89">
			<gml:boundedBy>
				<gml:Envelope srsName="urn:ogc:def:crs:EPSG::3013" srsDimension="2">
					<gml:lowerCorner>6721735.1359 145466.26049999986</gml:lowerCorner>
					<gml:upperCorner>6721748.7908 145502.78129999992</gml:upperCorner>
				</gml:Envelope>
			</gml:boundedBy>
			<hy-p:beginLifespanVersion>2019-01-16T11:12:27.2435967</hy-p:beginLifespanVersion>
			<hy-p:geometry>
				<gml:LineString gml:id="id-8049a0ec-29f6-4e36-8ebb-1acfb5da7728-0" srsName="urn:ogc:def:crs:EPSG::3013" srsDimension="3">
					<gml:posList>6721735.1359 145502.78129999992 149.1417999999976 6721747.840500001 145469.6958999997 148.5841999999975 6721748.7908 145466.26049999986 148.6429000000062</gml:posList>
				</gml:LineString>
			</hy-p:geometry>
			<hy-p:inspireId>
				<base:Identifier>
					<base:localId>e29c127f-2f38-48d9-8419-340f6a0c6c89</base:localId>
					<base:namespace>SE.SGP.VT</base:namespace>
				</base:Identifier>
			</hy-p:inspireId>
			<hy-p:origin xsi:nil="true" nilReason="unknown"/>
			<hy-p:persistence xsi:nil="true" nilReason="unknown"/>
			<hy-p:tidal xsi:nil="true" nilReason="unknown"/>
			<hy-p:drainsBasin xsi:nil="true" nilReason="unknown"/>
			<hy-p:delineationKnown xsi:nil="true" nilReason="unknown"/>
			<hy-p:length uom="m" xsi:nil="true" nilReason="unknown"/>
			<hy-p:level xsi:nil="true" nilReason="unknown"/>
			<hy-p:width xsi:nil="true" nilReason="unknown"/>
			<vt:vattenTyp>dike</vt:vattenTyp>
			<vt:geometriMetadata>
				<ge:lagesosakerhetPlan>0.030</ge:lagesosakerhetPlan>
				<ge:lagesosakerhetHojd>0.050</ge:lagesosakerhetHojd>
				<ge:matmetodPlan>geodetisk mätning, GNSS med korrektion</ge:matmetodPlan>
				<ge:matmetodHojd>geodetisk mätning, GNSS med korrektion</ge:matmetodHojd>
				<ge:tidpunktMatning>2016-07-04T00:00:00</ge:tidpunktMatning>
				<ge:HMK-Standardniva xsi:nil="true" nilReason="unknown"/>
				<ge:foljerMatningsanvisning xsi:nil="true" nilReason="unknown"/>
				<ge:aktualitet>2016-07-04T00:00:00</ge:aktualitet>
			</vt:geometriMetadata>
		</vt:VT_Vattendrag>
	</vt:vattendrag>
	<vt:vattendrag>
		<vt:VT_Vattendrag gml:id="SE.SGP.VT.4aae5ab6-8e94-41c7-b6a2-fccb90341da6">
			<gml:boundedBy>
				<gml:Envelope srsName="urn:ogc:def:crs:EPSG::3013" srsDimension="2">
					<gml:lowerCorner>6721716.237600001 145411.2951999996</gml:lowerCorner>
					<gml:upperCorner>6721741.896199999 145414.34159999993</gml:upperCorner>
				</gml:Envelope>
			</gml:boundedBy>
			<hy-p:beginLifespanVersion>2019-01-16T11:12:27.2453939</hy-p:beginLifespanVersion>
			<hy-p:geometry>
				<gml:LineString gml:id="id-a88f7cbc-2ce8-46fb-a0e5-6b976f3fdcad-0" srsName="urn:ogc:def:crs:EPSG::3013" srsDimension="3">
					<gml:posList>6721716.237600001 145414.34159999993 147.05530000000726 6721723.3783 145412.55950000044 147.13809999999648 6721735.798 145411.2951999996 147.25930000000517 6721741.896199999 145411.2951999996 147.14830000000075</gml:posList>
				</gml:LineString>
			</hy-p:geometry>
			<hy-p:inspireId>
				<base:Identifier>
					<base:localId>4aae5ab6-8e94-41c7-b6a2-fccb90341da6</base:localId>
					<base:namespace>SE.SGP.VT</base:namespace>
				</base:Identifier>
			</hy-p:inspireId>
			<hy-p:origin xsi:nil="true" nilReason="unknown"/>
			<hy-p:persistence xsi:nil="true" nilReason="unknown"/>
			<hy-p:tidal xsi:nil="true" nilReason="unknown"/>
			<hy-p:drainsBasin xsi:nil="true" nilReason="unknown"/>
			<hy-p:delineationKnown xsi:nil="true" nilReason="unknown"/>
			<hy-p:length uom="m" xsi:nil="true" nilReason="unknown"/>
			<hy-p:level xsi:nil="true" nilReason="unknown"/>
			<hy-p:width xsi:nil="true" nilReason="unknown"/>
			<vt:vattenTyp>dike</vt:vattenTyp>
			<vt:geometriMetadata>
				<ge:lagesosakerhetPlan>0.030</ge:lagesosakerhetPlan>
				<ge:lagesosakerhetHojd>0.050</ge:lagesosakerhetHojd>
				<ge:matmetodPlan>geodetisk mätning, GNSS med korrektion</ge:matmetodPlan>
				<ge:matmetodHojd>geodetisk mätning, GNSS med korrektion</ge:matmetodHojd>
				<ge:tidpunktMatning>2016-07-04T00:00:00</ge:tidpunktMatning>
				<ge:HMK-Standardniva xsi:nil="true" nilReason="unknown"/>
				<ge:foljerMatningsanvisning xsi:nil="true" nilReason="unknown"/>
				<ge:aktualitet>2016-07-04T00:00:00</ge:aktualitet>
			</vt:geometriMetadata>
		</vt:VT_Vattendrag>
	</vt:vattendrag>
	<vt:vattendrag>
		<vt:VT_Vattendrag gml:id="SE.SGP.VT.ad469f5c-7eda-4c16-be44-2571cac45b80">
			<gml:boundedBy>
				<gml:Envelope srsName="urn:ogc:def:crs:EPSG::3013" srsDimension="2">
					<gml:lowerCorner>6721692.8386 145445.39520000014</gml:lowerCorner>
					<gml:upperCorner>6721698.734999999 145455.1821999997</gml:upperCorner>
				</gml:Envelope>
			</gml:boundedBy>
			<hy-p:beginLifespanVersion>2019-01-16T11:12:27.2471252</hy-p:beginLifespanVersion>
			<hy-p:geometry>
				<gml:LineString gml:id="id-fd5f18d7-8dbf-40b0-a9b8-8b13fda662af-0" srsName="urn:ogc:def:crs:EPSG::3013" srsDimension="3">
					<gml:posList>6721692.8386 145445.39520000014 148.0106999999989 6721698.734999999 145455.1821999997 148.33819999999832</gml:posList>
				</gml:LineString>
			</hy-p:geometry>
			<hy-p:inspireId>
				<base:Identifier>
					<base:localId>ad469f5c-7eda-4c16-be44-2571cac45b80</base:localId>
					<base:namespace>SE.SGP.VT</base:namespace>
				</base:Identifier>
			</hy-p:inspireId>
			<hy-p:origin xsi:nil="true" nilReason="unknown"/>
			<hy-p:persistence xsi:nil="true" nilReason="unknown"/>
			<hy-p:tidal xsi:nil="true" nilReason="unknown"/>
			<hy-p:drainsBasin xsi:nil="true" nilReason="unknown"/>
			<hy-p:delineationKnown xsi:nil="true" nilReason="unknown"/>
			<hy-p:length uom="m" xsi:nil="true" nilReason="unknown"/>
			<hy-p:level xsi:nil="true" nilReason="unknown"/>
			<hy-p:width xsi:nil="true" nilReason="unknown"/>
			<vt:vattenTyp>dike</vt:vattenTyp>
			<vt:geometriMetadata>
				<ge:lagesosakerhetPlan>0.030</ge:lagesosakerhetPlan>
				<ge:lagesosakerhetHojd>0.050</ge:lagesosakerhetHojd>
				<ge:matmetodPlan>geodetisk mätning, GNSS med korrektion</ge:matmetodPlan>
				<ge:matmetodHojd>geodetisk mätning, GNSS med korrektion</ge:matmetodHojd>
				<ge:tidpunktMatning>2017-06-30T14:02:12</ge:tidpunktMatning>
				<ge:HMK-Standardniva xsi:nil="true" nilReason="unknown"/>
				<ge:foljerMatningsanvisning xsi:nil="true" nilReason="unknown"/>
				<ge:aktualitet>2017-06-30T14:02:12</ge:aktualitet>
			</vt:geometriMetadata>
		</vt:VT_Vattendrag>
	</vt:vattendrag>
	<vt:vattendrag>
		<vt:VT_Vattendrag gml:id="SE.SGP.VT.600092d9-8ca5-479a-841c-e719258a049e">
			<gml:boundedBy>
				<gml:Envelope srsName="urn:ogc:def:crs:EPSG::3013" srsDimension="2">
					<gml:lowerCorner>6721563.111400001 145269.15869999956</gml:lowerCorner>
					<gml:upperCorner>6721680.734300001 145469.60599999968</gml:upperCorner>
				</gml:Envelope>
			</gml:boundedBy>
			<hy-p:beginLifespanVersion>2019-01-16T11:12:27.2491507</hy-p:beginLifespanVersion>
			<hy-p:geometry>
				<gml:LineString gml:id="id-f1ce2722-7375-411b-89c1-0dad95ddd978-0" srsName="urn:ogc:def:crs:EPSG::3013" srsDimension="3">
					<gml:posList>6721680.734300001 145269.15869999956 145.44749999999476 6721676.1403 145274.83490000013 145.07619999999588 6721675.294 145276.9885999998 145.39169999999285 6721673.010199999 145279.23180000018 145.19500000000698 6721671.5372 145282.26499999966 145.29210000000603 6721669.8708999995 145285.0828999998 145.26810000000114 6721668.2239 145287.22970000003 145.193299999999 6721665.4373 145291.01040000003 145.38259999999718 6721663.4947999995 145293.98950000014 145.69779999999446 6721658.9372000005 145301.6015999997 145.1984999999986 6721657.1372 145304.04310000036 145.48450000000594 6721654.4856 145308.38019999955 145.5923999999941 6721650.1469 145313.5186999999 145.54829999999492 6721648.7575 145316.8395999996 145.87949999999546 6721645.5361 145322.38200000022 145.93489999999292 6721642.737199999 145326.58100000024 146.09919999999693 6721641.837200001 145328.5641999999 146.1918000000005 6721637.6372 145335.07930000033 146.0957000000053 6721633.7929 145338.08750000037 145.35959999999614 6721633.0952 145341.36220000032 146.40579999999318 6721629.7808 145345.05640000012 146.33710000000428 6721627.8344 145348.32909999974 146.386599999998 6721625.083900001 145352.47860000003 146.5 6721622.337200001 145356.59920000006 146.5 6721620.870200001 145359.0053000003 146.50620000000345 6721618.0776 145363.05590000004 146.58860000000277 6721614.909 145367.3975999998 146.59480000000622 6721614.109200001 145369.14599999972 146.6872000000003 6721611.607899999 145372.16370000038 146.80299999999988 6721608.705700001 145378.25879999995 146.88420000000042 6721605.716499999 145383.42229999974 146.5749999999971 6721603.687000001 145387.5318 147.3975999999966 6721601.572899999 145391.06759999972 147.38730000000214 6721598.428200001 145395.38210000005 147.494200000001 6721596.485099999 145399.36930000037 147.38529999999446 6721592.325200001 145406.71980000008 147.40260000000126 6721590.5372 145411.09630000032 147.48099999999977 6721586.292300001 145416.26819999982 147.57709999999497 6721582.4372000005 145424.51989999972 147.99700000000303 6721580.771400001 145427.73180000018 148.08719999999448 6721577.4947 145432.9894000003 148.0957999999955 6721576.1259 145436.8479000004 148.1018999999942 6721573.3225 145444.59520000033 148.19229999999516 6721569.8323 145451.13179999962 148.5978000000032 6721567.7707 145456.7452999996 148.49760000000242 6721565.0108 145465.20550000016 148.0853999999963 6721563.111400001 145469.60599999968 147.9765000000043</gml:posList>
				</gml:LineString>
			</hy-p:geometry>
			<hy-p:inspireId>
				<base:Identifier>
					<base:localId>600092d9-8ca5-479a-841c-e719258a049e</base:localId>
					<base:namespace>SE.SGP.VT</base:namespace>
				</base:Identifier>
			</hy-p:inspireId>
			<hy-p:origin xsi:nil="true" nilReason="unknown"/>
			<hy-p:persistence xsi:nil="true" nilReason="unknown"/>
			<hy-p:tidal xsi:nil="true" nilReason="unknown"/>
			<hy-p:drainsBasin xsi:nil="true" nilReason="unknown"/>
			<hy-p:delineationKnown xsi:nil="true" nilReason="unknown"/>
			<hy-p:length uom="m" xsi:nil="true" nilReason="unknown"/>
			<hy-p:level xsi:nil="true" nilReason="unknown"/>
			<hy-p:width xsi:nil="true" nilReason="unknown"/>
			<vt:vattenTyp>dike</vt:vattenTyp>
			<vt:geometriMetadata>
				<ge:lagesosakerhetPlan>0.030</ge:lagesosakerhetPlan>
				<ge:lagesosakerhetHojd>0.050</ge:lagesosakerhetHojd>
				<ge:matmetodPlan>geodetisk mätning, GNSS med korrektion</ge:matmetodPlan>
				<ge:matmetodHojd>geodetisk mätning, GNSS med korrektion</ge:matmetodHojd>
				<ge:tidpunktMatning>2016-07-04T00:00:00</ge:tidpunktMatning>
				<ge:HMK-Standardniva xsi:nil="true" nilReason="unknown"/>
				<ge:foljerMatningsanvisning xsi:nil="true" nilReason="unknown"/>
				<ge:aktualitet>2016-07-04T00:00:00</ge:aktualitet>
			</vt:geometriMetadata>
		</vt:VT_Vattendrag>
	</vt:vattendrag>
	<vt:vattendrag>
		<vt:VT_Vattendrag gml:id="SE.SGP.VT.97bc8a20-aeb8-4f6e-ba1b-8523bcf157cf">
			<gml:boundedBy>
				<gml:Envelope srsName="urn:ogc:def:crs:EPSG::3013" srsDimension="2">
					<gml:lowerCorner>6721674.996300001 145313.4796000002</gml:lowerCorner>
					<gml:upperCorner>6721726.876800001 145440.38150000013</gml:upperCorner>
				</gml:Envelope>
			</gml:boundedBy>
			<hy-p:beginLifespanVersion>2019-01-16T11:12:27.2528276</hy-p:beginLifespanVersion>
			<hy-p:geometry>
				<gml:LineString gml:id="id-7e01ed4d-e2b4-4cc0-b695-2b714d91ea49-0" srsName="urn:ogc:def:crs:EPSG::3013" srsDimension="3">
					<gml:posList>6721694.635199999 145440.38150000013 148.0581999999995 6721693.975500001 145437.4154000003 147.82030000000668 6721698.287799999 145428.6065999996 147.63030000000435 6721705.457 145414.78170000017 147.5155999999988 6721702.7513999995 145412.43240000028 147.50169999999343 6721690.894300001 145407.77950000018 147.7286000000022 6721688.936000001 145407.47109999973 147.84299999999348 6721676.2139 145434.6200000001 148.1808000000019 6721674.996300001 145434.26379999984 148.17879999999423 6721685.8544 145407.93780000042 147.87799999999697 6721687.4034 145405.58440000005 147.5393999999942 6721688.275699999 145402.54970000032 147.2155999999959 6721692.195900001 145392.40840000007 147.4079999999958 6721691.8025 145390.74670000002 147.36389999999665 6721691.171599999 145388.62530000042 147.50190000000293 6721692.0339 145387.82849999983 147.40150000000722 6721694.3322 145388.17860000022 146.81900000000314 6721695.944399999 145385.0262000002 146.89969999999448 6721720.089 145328.32180000003 146.40529999999853 6721725.7991 145315.82890000008 146.19060000000172 6721726.876800001 145313.4796000002 146.42780000000494</gml:posList>
				</gml:LineString>
			</hy-p:geometry>
			<hy-p:inspireId>
				<base:Identifier>
					<base:localId>97bc8a20-aeb8-4f6e-ba1b-8523bcf157cf</base:localId>
					<base:namespace>SE.SGP.VT</base:namespace>
				</base:Identifier>
			</hy-p:inspireId>
			<hy-p:origin xsi:nil="true" nilReason="unknown"/>
			<hy-p:persistence xsi:nil="true" nilReason="unknown"/>
			<hy-p:tidal xsi:nil="true" nilReason="unknown"/>
			<hy-p:drainsBasin xsi:nil="true" nilReason="unknown"/>
			<hy-p:delineationKnown xsi:nil="true" nilReason="unknown"/>
			<hy-p:length uom="m" xsi:nil="true" nilReason="unknown"/>
			<hy-p:level xsi:nil="true" nilReason="unknown"/>
			<hy-p:width xsi:nil="true" nilReason="unknown"/>
			<vt:vattenTyp>dike</vt:vattenTyp>
			<vt:geometriMetadata>
				<ge:tidpunktMatning>2017-11-13T10:40:17</ge:tidpunktMatning>
				<ge:HMK-Standardniva xsi:nil="true" nilReason="unknown"/>
				<ge:foljerMatningsanvisning xsi:nil="true" nilReason="unknown"/>
				<ge:aktualitet>2017-11-13T10:40:17</ge:aktualitet>
			</vt:geometriMetadata>
		</vt:VT_Vattendrag>
	</vt:vattendrag>
	<vt:vattendrag>
		<vt:VT_Vattendrag gml:id="SE.SGP.VT.24f961a6-ef2a-4c31-811c-5b62dd74db32">
			<gml:boundedBy>
				<gml:Envelope srsName="urn:ogc:def:crs:EPSG::3013" srsDimension="2">
					<gml:lowerCorner>6721701.809900001 145458.73869999964</gml:lowerCorner>
					<gml:upperCorner>6721711.8387 145465.9316999996</gml:upperCorner>
				</gml:Envelope>
			</gml:boundedBy>
			<hy-p:beginLifespanVersion>2019-01-16T11:12:27.2546999</hy-p:beginLifespanVersion>
			<hy-p:geometry>
				<gml:LineString gml:id="id-cbc70d7b-6089-48ab-97f1-1e437d18839f-0" srsName="urn:ogc:def:crs:EPSG::3013" srsDimension="3">
					<gml:posList>6721701.809900001 145458.73869999964 148.33819999999832 6721703.9059999995 145461.1224999996 148.26900000000023 6721711.8387 145465.9316999996 148.1582000000053</gml:posList>
				</gml:LineString>
			</hy-p:geometry>
			<hy-p:inspireId>
				<base:Identifier>
					<base:localId>24f961a6-ef2a-4c31-811c-5b62dd74db32</base:localId>
					<base:namespace>SE.SGP.VT</base:namespace>
				</base:Identifier>
			</hy-p:inspireId>
			<hy-p:origin xsi:nil="true" nilReason="unknown"/>
			<hy-p:persistence xsi:nil="true" nilReason="unknown"/>
			<hy-p:tidal xsi:nil="true" nilReason="unknown"/>
			<hy-p:drainsBasin xsi:nil="true" nilReason="unknown"/>
			<hy-p:delineationKnown xsi:nil="true" nilReason="unknown"/>
			<hy-p:length uom="m" xsi:nil="true" nilReason="unknown"/>
			<hy-p:level xsi:nil="true" nilReason="unknown"/>
			<hy-p:width xsi:nil="true" nilReason="unknown"/>
			<vt:vattenTyp>dike</vt:vattenTyp>
			<vt:geometriMetadata>
				<ge:lagesosakerhetPlan>0.030</ge:lagesosakerhetPlan>
				<ge:lagesosakerhetHojd>0.050</ge:lagesosakerhetHojd>
				<ge:matmetodPlan>geodetisk mätning, GNSS med korrektion</ge:matmetodPlan>
				<ge:matmetodHojd>geodetisk mätning, GNSS med korrektion</ge:matmetodHojd>
				<ge:tidpunktMatning>2017-06-30T14:02:12</ge:tidpunktMatning>
				<ge:HMK-Standardniva xsi:nil="true" nilReason="unknown"/>
				<ge:foljerMatningsanvisning xsi:nil="true" nilReason="unknown"/>
				<ge:aktualitet>2017-06-30T14:02:12</ge:aktualitet>
			</vt:geometriMetadata>
		</vt:VT_Vattendrag>
	</vt:vattendrag>
	<vt:vattendrag>
		<vt:VT_Vattendrag gml:id="SE.SGP.VT.e9e1d560-552a-4302-91cb-9f6e71eec4a6">
			<gml:boundedBy>
				<gml:Envelope srsName="urn:ogc:def:crs:EPSG::3013" srsDimension="2">
					<gml:lowerCorner>6721830.886600001 145229.46860000025</gml:lowerCorner>
					<gml:upperCorner>6721836.6294 145254.68709999975</gml:upperCorner>
				</gml:Envelope>
			</gml:boundedBy>
			<hy-p:beginLifespanVersion>2019-01-16T11:12:27.2590493</hy-p:beginLifespanVersion>
			<hy-p:geometry>
				<gml:LineString gml:id="id-28b85b17-6000-4c77-bd7b-d865116d4c53-0" srsName="urn:ogc:def:crs:EPSG::3013" srsDimension="3">
					<gml:posList>6721830.886600001 145254.68709999975 145.18949999999313 6721832.2961 145250.14580000006 145.17220000000088 6721834.2115 145244.50980000012 145.12189999999828 6721834.8324 145241.7377000004 145.18270000000484 6721835.7106 145239.92320000008 145.18270000000484 6721835.182700001 145238.60699999984 145.18270000000484 6721836.6294 145231.4299999997 145.09329999999318 6721836.5339 145229.46860000025 145.12170000000333</gml:posList>
				</gml:LineString>
			</hy-p:geometry>
			<hy-p:inspireId>
				<base:Identifier>
					<base:localId>e9e1d560-552a-4302-91cb-9f6e71eec4a6</base:localId>
					<base:namespace>SE.SGP.VT</base:namespace>
				</base:Identifier>
			</hy-p:inspireId>
			<hy-p:origin xsi:nil="true" nilReason="unknown"/>
			<hy-p:persistence xsi:nil="true" nilReason="unknown"/>
			<hy-p:tidal xsi:nil="true" nilReason="unknown"/>
			<hy-p:drainsBasin xsi:nil="true" nilReason="unknown"/>
			<hy-p:delineationKnown xsi:nil="true" nilReason="unknown"/>
			<hy-p:length uom="m" xsi:nil="true" nilReason="unknown"/>
			<hy-p:level xsi:nil="true" nilReason="unknown"/>
			<hy-p:width xsi:nil="true" nilReason="unknown"/>
			<vt:vattenTyp>dike</vt:vattenTyp>
			<vt:geometriMetadata>
				<ge:lagesosakerhetPlan>0.050</ge:lagesosakerhetPlan>
				<ge:lagesosakerhetHojd>0.100</ge:lagesosakerhetHojd>
				<ge:matmetodPlan>fotogrammetrisk detaljmätning (ortofoto)</ge:matmetodPlan>
				<ge:matmetodHojd>fotogrammetrisk detaljmätning (ortofoto)</ge:matmetodHojd>
				<ge:tidpunktMatning>2018-04-17T08:26:52</ge:tidpunktMatning>
				<ge:HMK-Standardniva xsi:nil="true" nilReason="unknown"/>
				<ge:foljerMatningsanvisning xsi:nil="true" nilReason="unknown"/>
				<ge:aktualitet>2018-04-17T08:26:52</ge:aktualitet>
			</vt:geometriMetadata>
		</vt:VT_Vattendrag>
	</vt:vattendrag>
	<vt:vattendrag>
		<vt:VT_Vattendrag gml:id="SE.SGP.VT.ae31304a-d1d2-4859-b773-791f717358b2">
			<gml:boundedBy>
				<gml:Envelope srsName="urn:ogc:def:crs:EPSG::3013" srsDimension="2">
					<gml:lowerCorner>6721830.8717 145230.73500000034</gml:lowerCorner>
					<gml:upperCorner>6721839.6623 145255.36089999974</gml:upperCorner>
				</gml:Envelope>
			</gml:boundedBy>
			<hy-p:beginLifespanVersion>2019-01-16T11:12:27.2607789</hy-p:beginLifespanVersion>
			<hy-p:geometry>
				<gml:LineString gml:id="id-44b2e0b0-1607-42be-8a3c-ca180c578aea-0" srsName="urn:ogc:def:crs:EPSG::3013" srsDimension="3">
					<gml:posList>6721839.6623 145230.73500000034 145.09309999999823 6721838.601500001 145232.91889999993 145.11579999999958 6721837.957900001 145235.12770000007 145.06849999999395 6721837.5319 145237.97410000023 145.01810000000114 6721836.4048 145241.78089999966 145.09390000000712 6721833.451300001 145250.92399999965 145.18480000000272 6721832.249399999 145254.73099999968 145.19749999999476 6721831.9068 145255.36089999974 145.19749999999476 6721830.8717 145254.68719999958 145.18949999999313</gml:posList>
				</gml:LineString>
			</hy-p:geometry>
			<hy-p:inspireId>
				<base:Identifier>
					<base:localId>ae31304a-d1d2-4859-b773-791f717358b2</base:localId>
					<base:namespace>SE.SGP.VT</base:namespace>
				</base:Identifier>
			</hy-p:inspireId>
			<hy-p:origin xsi:nil="true" nilReason="unknown"/>
			<hy-p:persistence xsi:nil="true" nilReason="unknown"/>
			<hy-p:tidal xsi:nil="true" nilReason="unknown"/>
			<hy-p:drainsBasin xsi:nil="true" nilReason="unknown"/>
			<hy-p:delineationKnown xsi:nil="true" nilReason="unknown"/>
			<hy-p:length uom="m" xsi:nil="true" nilReason="unknown"/>
			<hy-p:level xsi:nil="true" nilReason="unknown"/>
			<hy-p:width xsi:nil="true" nilReason="unknown"/>
			<vt:vattenTyp>dike</vt:vattenTyp>
			<vt:geometriMetadata>
				<ge:lagesosakerhetPlan>0.050</ge:lagesosakerhetPlan>
				<ge:lagesosakerhetHojd>0.100</ge:lagesosakerhetHojd>
				<ge:matmetodPlan>fotogrammetrisk detaljmätning (ortofoto)</ge:matmetodPlan>
				<ge:matmetodHojd>fotogrammetrisk detaljmätning (ortofoto)</ge:matmetodHojd>
				<ge:tidpunktMatning>2018-04-17T08:26:52</ge:tidpunktMatning>
				<ge:HMK-Standardniva xsi:nil="true" nilReason="unknown"/>
				<ge:foljerMatningsanvisning xsi:nil="true" nilReason="unknown"/>
				<ge:aktualitet>2018-04-17T08:26:52</ge:aktualitet>
			</vt:geometriMetadata>
		</vt:VT_Vattendrag>
	</vt:vattendrag>
	<vt:vattendrag>
		<vt:VT_Vattendrag gml:id="SE.SGP.VT.523fc64c-777e-4e63-966b-09c7b2fcedbd">
			<gml:boundedBy>
				<gml:Envelope srsName="urn:ogc:def:crs:EPSG::3013" srsDimension="2">
					<gml:lowerCorner>6721829.173 145198.3535000002</gml:lowerCorner>
					<gml:upperCorner>6721875.7589 145262.7633999996</gml:upperCorner>
				</gml:Envelope>
			</gml:boundedBy>
			<hy-p:beginLifespanVersion>2019-01-16T11:12:27.2624525</hy-p:beginLifespanVersion>
			<hy-p:geometry>
				<gml:LineString gml:id="id-cb8d0f16-022e-46e1-8fc6-51018505ede9-0" srsName="urn:ogc:def:crs:EPSG::3013" srsDimension="3">
					<gml:posList>6721829.173 145262.7633999996 145.95320000000356 6721830.874299999 145260.76680000033 146.01089999999385 6721834.643300001 145259.13860000018 145.68730000000505 6721836.1478 145256.39389999956 145.62189999999828 6721838.395300001 145251.67040000018 145.4844000000012 6721841.6436 145246.07550000027 145.3567000000039 6721844.957800001 145242.56180000026 145.29739999999583 6721847.596999999 145238.64580000006 145.27099999999336 6721849.036699999 145235.95289999992 145.27580000000307 6721853.029200001 145232.67140000034 145.22319999999308 6721857.1567 145229.02770000044 145.06470000000263 6721862.3398 145224.98959999997 144.93649999999616 6721865.910499999 145222.08609999996 144.87480000000505 6721866.569700001 145219.62569999974 144.89770000000135 6721866.669 145216.15629999992 144.89770000000135 6721866.2826000005 145211.108 144.83349999999336 6721868.1384 145208.8345999997 144.91120000000228 6721868.907500001 145208.3230999997 144.91120000000228 6721868.623199999 145206.37899999972 144.9615999999951 6721872.981799999 145202.85759999976 144.87630000000354 6721874.611 145201.2319 144.89359999999579 6721875.7589 145198.64130000025 144.82940000000235 6721874.2674 145198.3535000002 144.89800000000105</gml:posList>
				</gml:LineString>
			</hy-p:geometry>
			<hy-p:inspireId>
				<base:Identifier>
					<base:localId>523fc64c-777e-4e63-966b-09c7b2fcedbd</base:localId>
					<base:namespace>SE.SGP.VT</base:namespace>
				</base:Identifier>
			</hy-p:inspireId>
			<hy-p:origin xsi:nil="true" nilReason="unknown"/>
			<hy-p:persistence xsi:nil="true" nilReason="unknown"/>
			<hy-p:tidal xsi:nil="true" nilReason="unknown"/>
			<hy-p:drainsBasin xsi:nil="true" nilReason="unknown"/>
			<hy-p:delineationKnown xsi:nil="true" nilReason="unknown"/>
			<hy-p:length uom="m" xsi:nil="true" nilReason="unknown"/>
			<hy-p:level xsi:nil="true" nilReason="unknown"/>
			<hy-p:width xsi:nil="true" nilReason="unknown"/>
			<vt:vattenTyp>dike</vt:vattenTyp>
			<vt:geometriMetadata>
				<ge:lagesosakerhetPlan>0.050</ge:lagesosakerhetPlan>
				<ge:lagesosakerhetHojd>0.100</ge:lagesosakerhetHojd>
				<ge:matmetodPlan>fotogrammetrisk detaljmätning (ortofoto)</ge:matmetodPlan>
				<ge:matmetodHojd>fotogrammetrisk detaljmätning (ortofoto)</ge:matmetodHojd>
				<ge:tidpunktMatning>2018-04-17T08:26:52</ge:tidpunktMatning>
				<ge:HMK-Standardniva xsi:nil="true" nilReason="unknown"/>
				<ge:foljerMatningsanvisning xsi:nil="true" nilReason="unknown"/>
				<ge:aktualitet>2018-04-17T08:26:52</ge:aktualitet>
			</vt:geometriMetadata>
		</vt:VT_Vattendrag>
	</vt:vattendrag>
	<vt:vattendrag>
		<vt:VT_Vattendrag gml:id="SE.SGP.VT.56ba55ca-5496-4034-9ffd-be7c579c55c7">
			<gml:boundedBy>
				<gml:Envelope srsName="urn:ogc:def:crs:EPSG::3013" srsDimension="2">
					<gml:lowerCorner>6721831.2008 145198.47389999963</gml:lowerCorner>
					<gml:upperCorner>6721881.2402 145270.93900000025</gml:upperCorner>
				</gml:Envelope>
			</gml:boundedBy>
			<hy-p:beginLifespanVersion>2019-01-16T11:12:27.2640979</hy-p:beginLifespanVersion>
			<hy-p:geometry>
				<gml:LineString gml:id="id-7e03f43a-a711-437d-a59c-bdbf503efb06-0" srsName="urn:ogc:def:crs:EPSG::3013" srsDimension="3">
					<gml:posList>6721881.2402 145198.47389999963 144.90619999999763 6721880.281400001 145201.54229999986 144.92339999999967 6721878.8136 145203.84100000001 144.93159999999625 6721877.332699999 145205.15990000032 144.84940000000643 6721874.0154 145207.1453999998 144.93300000000454 6721871.4065000005 145209.0262000002 144.82360000000335 6721869.143100001 145212.03749999963 144.8469000000041 6721868.9902 145214.05649999995 144.95160000000033 6721869.1975 145217.52240000013 144.8573000000033 6721868.5459 145220.9874999998 144.8926999999967 6721867.850099999 145223.50320000015 144.88969999999972 6721866.114600001 145225.97259999998 144.88969999999972 6721863.642899999 145228.05709999986 144.95799999999872 6721860.914799999 145229.69159999955 145.06260000000475 6721859.1807 145230.29839999974 145.00689999999304 6721856.860400001 145232.1584999999 145.14479999999458 6721851.740700001 145237.76549999975 145.19190000000526 6721849.5414 145239.70079999976 145.28140000000712 6721847.841600001 145242.48000000045 145.31639999999607 6721843.8495000005 145246.54980000015 145.43129999999655 6721840.6285 145251.21619999968 145.5100999999995 6721839.138499999 145253.82610000018 145.58890000000247 6721837.862400001 145257.87299999967 145.55959999999322 6721835.9679000005 145260.36419999972 145.68039999999746 6721834.222100001 145262.52560000028 145.81029999999737 6721832.4287 145263.75870000012 145.81029999999737 6721833.9767 145265.68599999975 145.81029999999737 6721840.8915 145269.6191999996 146.13240000000224 6721840.191500001 145270.93900000025 146.4033999999956 6721833.2597 145266.3320000004 145.99270000000251 6721832.310900001 145264.4628999997 145.8972000000067 6721831.2008 145263.79229999986 145.8972000000067</gml:posList>
				</gml:LineString>
			</hy-p:geometry>
			<hy-p:inspireId>
				<base:Identifier>
					<base:localId>56ba55ca-5496-4034-9ffd-be7c579c55c7</base:localId>
					<base:namespace>SE.SGP.VT</base:namespace>
				</base:Identifier>
			</hy-p:inspireId>
			<hy-p:origin xsi:nil="true" nilReason="unknown"/>
			<hy-p:persistence xsi:nil="true" nilReason="unknown"/>
			<hy-p:tidal xsi:nil="true" nilReason="unknown"/>
			<hy-p:drainsBasin xsi:nil="true" nilReason="unknown"/>
			<hy-p:delineationKnown xsi:nil="true" nilReason="unknown"/>
			<hy-p:length uom="m" xsi:nil="true" nilReason="unknown"/>
			<hy-p:level xsi:nil="true" nilReason="unknown"/>
			<hy-p:width xsi:nil="true" nilReason="unknown"/>
			<vt:vattenTyp>dike</vt:vattenTyp>
			<vt:geometriMetadata>
				<ge:lagesosakerhetPlan>0.050</ge:lagesosakerhetPlan>
				<ge:lagesosakerhetHojd>0.100</ge:lagesosakerhetHojd>
				<ge:matmetodPlan>fotogrammetrisk detaljmätning (ortofoto)</ge:matmetodPlan>
				<ge:matmetodHojd>fotogrammetrisk detaljmätning (ortofoto)</ge:matmetodHojd>
				<ge:tidpunktMatning>2018-04-17T08:26:52</ge:tidpunktMatning>
				<ge:HMK-Standardniva xsi:nil="true" nilReason="unknown"/>
				<ge:foljerMatningsanvisning xsi:nil="true" nilReason="unknown"/>
				<ge:aktualitet>2018-04-17T08:26:52</ge:aktualitet>
			</vt:geometriMetadata>
		</vt:VT_Vattendrag>
	</vt:vattendrag>
	<vt:vattendrag>
		<vt:VT_Vattendrag gml:id="SE.SGP.VT.6019b87c-d60d-4d78-a38a-099f3ba574c9">
			<gml:boundedBy>
				<gml:Envelope srsName="urn:ogc:def:crs:EPSG::3013" srsDimension="2">
					<gml:lowerCorner>6721843.4902 145272.92540000007</gml:lowerCorner>
					<gml:upperCorner>6721891.3518 145288.76630000025</gml:upperCorner>
				</gml:Envelope>
			</gml:boundedBy>
			<hy-p:beginLifespanVersion>2019-01-16T11:12:27.2658904</hy-p:beginLifespanVersion>
			<hy-p:geometry>
				<gml:LineString gml:id="id-326f6049-244c-4936-acce-3a9017e7acfc-0" srsName="urn:ogc:def:crs:EPSG::3013" srsDimension="3">
					<gml:posList>6721843.4902 145272.92540000007 146.30299999999988 6721849.4878 145277.32529999968 146.55659999999625 6721855.7447 145280.8903000001 146.7682000000059 6721861.7848000005 145283.25879999995 146.9496999999974 6721870.2567 145286.5081000002 146.82910000000265 6721877.9646000005 145288.09800000023 146.99009999999544 6721886.7217 145288.6155000003 146.90020000000368 6721891.3518 145288.76630000025 146.90020000000368</gml:posList>
				</gml:LineString>
			</hy-p:geometry>
			<hy-p:inspireId>
				<base:Identifier>
					<base:localId>6019b87c-d60d-4d78-a38a-099f3ba574c9</base:localId>
					<base:namespace>SE.SGP.VT</base:namespace>
				</base:Identifier>
			</hy-p:inspireId>
			<hy-p:origin xsi:nil="true" nilReason="unknown"/>
			<hy-p:persistence xsi:nil="true" nilReason="unknown"/>
			<hy-p:tidal xsi:nil="true" nilReason="unknown"/>
			<hy-p:drainsBasin xsi:nil="true" nilReason="unknown"/>
			<hy-p:delineationKnown xsi:nil="true" nilReason="unknown"/>
			<hy-p:length uom="m" xsi:nil="true" nilReason="unknown"/>
			<hy-p:level xsi:nil="true" nilReason="unknown"/>
			<hy-p:width xsi:nil="true" nilReason="unknown"/>
			<vt:vattenTyp>dike</vt:vattenTyp>
			<vt:geometriMetadata>
				<ge:lagesosakerhetPlan>0.050</ge:lagesosakerhetPlan>
				<ge:lagesosakerhetHojd>0.100</ge:lagesosakerhetHojd>
				<ge:matmetodPlan>fotogrammetrisk detaljmätning (ortofoto)</ge:matmetodPlan>
				<ge:matmetodHojd>fotogrammetrisk detaljmätning (ortofoto)</ge:matmetodHojd>
				<ge:tidpunktMatning>2018-04-17T08:26:52</ge:tidpunktMatning>
				<ge:HMK-Standardniva xsi:nil="true" nilReason="unknown"/>
				<ge:foljerMatningsanvisning xsi:nil="true" nilReason="unknown"/>
				<ge:aktualitet>2018-04-17T08:26:52</ge:aktualitet>
			</vt:geometriMetadata>
		</vt:VT_Vattendrag>
	</vt:vattendrag>
</vt:VT_VattenDatamangd>
