﻿<?xml version="1.0" encoding="UTF-8"?>
<ho:HO_HojdDjupPunkterDatamangd xmlns:xsi="http://www.w3.org/2001/XMLSchema-instance" xmlns:xlink="http://www.w3.org/1999/xlink" xmlns:sgk="http://namespace.lantmateriet.se/svenskgeoprocess/base/sgk/3.5" xmlns:sg="http://namespace.lantmateriet.se/svenskgeoprocess/base/sg/3.2" xmlns:hm="http://namespace.lantmateriet.se/svenskgeoprocess/hm/3.2" xmlns:ho="http://namespace.lantmateriet.se/svenskgeoprocess/ho/3.2" xmlns:gts="http://www.isotc211.org/2005/gts" xmlns:gss="http://www.isotc211.org/2005/gss" xmlns:gn="http://inspire.ec.europa.eu/schemas/gn/4.0" xmlns:gmd="http://www.isotc211.org/2005/gmd" xmlns:hh="http://namespace.lantmateriet.se/svenskgeoprocess/base/hh/3.2" xmlns:gco="http://www.isotc211.org/2005/gco" xmlns:gml="http://www.opengis.net/gml/3.2" xmlns:el-vec="http://inspire.ec.europa.eu/schemas/el-vec/4.0" xmlns:el-bas="http://inspire.ec.europa.eu/schemas/el-bas/4.0" xmlns:bu-base="http://inspire.ec.europa.eu/schemas/bu-base/4.0" xmlns:gsr="http://www.isotc211.org/2005/gsr" xmlns:base2="http://inspire.ec.europa.eu/schemas/base2/2.0" xmlns:base="http://inspire.ec.europa.eu/schemas/base/3.3" xmlns:ad="http://inspire.ec.europa.eu/schemas/ad/4.0" gml:id="SE.SGP.HO.dc18ca30-2372-4256-9139-dbf2c8f34235" xsi:schemaLocation="http://namespace.lantmateriet.se/svenskgeoprocess/ho/3.2 http://namespace.lantmateriet.se/svenskgeoprocess/ho/3.2/HO_HojdDjupPunkter.xsd">
	<gml:boundedBy>
		<gml:Envelope srsName="urn:ogc:def:crs:EPSG::3008" srsDimension="2">
			<gml:lowerCorner>6584024.493934751 150589.8242943251</gml:lowerCorner>
			<gml:upperCorner>6584117.234966629 150649.3433101094</gml:upperCorner>
		</gml:Envelope>
	</gml:boundedBy>
	<sg:id>
		<base:Identifier>
			<base:localId>dc18ca30-2372-4256-9139-dbf2c8f34235</base:localId>
			<base:namespace>SE.SGP.HO</base:namespace>
		</base:Identifier>
	</sg:id>
	<sg:uttagDatum>2019-05-07T09:29:18.6480391</sg:uttagDatum>
	<sg:metadata xsi:nil="true" nilReason="unknown"/>
	<sg:koordinatsystemPlan>EPSG:3008</sg:koordinatsystemPlan>
	<sg:hojdsystem>EPSG:5613</sg:hojdsystem>
	<sg:dimension>3</sg:dimension>
	<ho:geometri>
		<gml:MultiSurface gml:id="id-47272623-f40b-4c24-82d7-4a4a565044d8-0" srsName="urn:ogc:def:crs:EPSG::3008" srsDimension="2">
			<gml:surfaceMember>
				<gml:Surface gml:id="id-47272623-f40b-4c24-82d7-4a4a565044d8-1">
					<gml:patches>
						<gml:PolygonPatch>
							<gml:exterior>
								<gml:LinearRing>
									<gml:posList>6584024.493934751 150589.8242943251 6584024.493934751 150649.3433101094 6584117.234966629 150649.3433101094 6584117.234966629 150589.8242943251 6584024.493934751 150589.8242943251</gml:posList>
								</gml:LinearRing>
							</gml:exterior>
						</gml:PolygonPatch>
					</gml:patches>
				</gml:Surface>
			</gml:surfaceMember>
		</gml:MultiSurface>
	</ho:geometri>
	<ho:hojdDjupPunkt>
		<ho:HO_AnnanHojdDjupPunkt gml:id="SE.SGP.HO.9917adf6-0ddc-442a-a3e4-5053a1ee03f3">
			<gml:boundedBy>
				<gml:Envelope srsName="urn:ogc:def:crs:EPSG::3008" srsDimension="2">
					<gml:lowerCorner>6584024.493934751 150644.4904097504</gml:lowerCorner>
					<gml:upperCorner>6584025.296367996 150646.0952762414</gml:upperCorner>
				</gml:Envelope>
			</gml:boundedBy>
			<el-vec:beginLifespanVersion>2019-05-07T09:29:18.2746674</el-vec:beginLifespanVersion>
			<el-vec:endLifespanVersion xsi:nil="true" nilReason="inapplicable"/>
			<el-vec:propertyType>height</el-vec:propertyType>
			<el-vec:classification xlink:href="http://inspire.ec.europa.eu/codeList/SpotElevationClassValue/2" xlink:title="Ground"/>
			<el-vec:geometry>
				<gml:Point gml:id="id-0d77647b-b1cd-4940-9240-9a728f35f213-0" srsName="urn:ogc:def:crs:EPSG::3008" srsDimension="3">
					<gml:pos>6584024.493934751 150644.4904097504 0</gml:pos>
				</gml:Point>
			</el-vec:geometry>
			<el-vec:propertyValue>46.4</el-vec:propertyValue>
			<el-vec:spotElevationType xlink:href="http://inspire.ec.europa.eu/codelist/SpotElevationTypeValue/generic" xlink:title="generisk"/>
			<ho:punktId>
				<base:Identifier>
					<base:localId>9917adf6-0ddc-442a-a3e4-5053a1ee03f3</base:localId>
					<base:namespace>SE.SGP.HO</base:namespace>
				</base:Identifier>
			</ho:punktId>
			<ho:insamlingMetod xsi:nil="true" nilReason="unknown"/>
		</ho:HO_AnnanHojdDjupPunkt>
	</ho:hojdDjupPunkt>
	<ho:hojdDjupPunkt>
		<ho:HO_AnnanHojdDjupPunkt gml:id="SE.SGP.HO.351815bc-59d0-47cd-8c95-acbdabd00514">
			<gml:boundedBy>
				<gml:Envelope srsName="urn:ogc:def:crs:EPSG::3008" srsDimension="2">
					<gml:lowerCorner>6584038.358558774 150631.67417143806</gml:lowerCorner>
					<gml:upperCorner>6584039.16099202 150633.27903792905</gml:upperCorner>
				</gml:Envelope>
			</gml:boundedBy>
			<el-vec:beginLifespanVersion>2019-05-07T09:29:18.5760946</el-vec:beginLifespanVersion>
			<el-vec:endLifespanVersion xsi:nil="true" nilReason="inapplicable"/>
			<el-vec:propertyType>height</el-vec:propertyType>
			<el-vec:classification xlink:href="http://inspire.ec.europa.eu/codeList/SpotElevationClassValue/2" xlink:title="Ground"/>
			<el-vec:geometry>
				<gml:Point gml:id="id-704597ad-1d21-46c0-ac32-bbe8c56069ad-0" srsName="urn:ogc:def:crs:EPSG::3008" srsDimension="3">
					<gml:pos>6584038.358558774 150631.67417143806 0</gml:pos>
				</gml:Point>
			</el-vec:geometry>
			<el-vec:propertyValue>46.3</el-vec:propertyValue>
			<el-vec:spotElevationType xlink:href="http://inspire.ec.europa.eu/codelist/SpotElevationTypeValue/generic" xlink:title="generisk"/>
			<ho:punktId>
				<base:Identifier>
					<base:localId>351815bc-59d0-47cd-8c95-acbdabd00514</base:localId>
					<base:namespace>SE.SGP.HO</base:namespace>
				</base:Identifier>
			</ho:punktId>
			<ho:insamlingMetod xsi:nil="true" nilReason="unknown"/>
		</ho:HO_AnnanHojdDjupPunkt>
	</ho:hojdDjupPunkt>
	<ho:hojdDjupPunkt>
		<ho:HO_AnnanHojdDjupPunkt gml:id="SE.SGP.HO.33730612-ef78-45a5-92ec-ae6f6884d033">
			<gml:boundedBy>
				<gml:Envelope srsName="urn:ogc:def:crs:EPSG::3008" srsDimension="2">
					<gml:lowerCorner>6584051.237526059 150618.175407309</gml:lowerCorner>
					<gml:upperCorner>6584052.039959305 150619.7802738</gml:upperCorner>
				</gml:Envelope>
			</gml:boundedBy>
			<el-vec:beginLifespanVersion>2019-05-07T09:29:18.5793235</el-vec:beginLifespanVersion>
			<el-vec:endLifespanVersion xsi:nil="true" nilReason="inapplicable"/>
			<el-vec:propertyType>height</el-vec:propertyType>
			<el-vec:classification xlink:href="http://inspire.ec.europa.eu/codeList/SpotElevationClassValue/2" xlink:title="Ground"/>
			<el-vec:geometry>
				<gml:Point gml:id="id-19337665-e5be-40e2-99fb-f91be5bcce90-0" srsName="urn:ogc:def:crs:EPSG::3008" srsDimension="3">
					<gml:pos>6584051.237526059 150618.175407309 0</gml:pos>
				</gml:Point>
			</el-vec:geometry>
			<el-vec:propertyValue>46.4</el-vec:propertyValue>
			<el-vec:spotElevationType xlink:href="http://inspire.ec.europa.eu/codelist/SpotElevationTypeValue/generic" xlink:title="generisk"/>
			<ho:punktId>
				<base:Identifier>
					<base:localId>33730612-ef78-45a5-92ec-ae6f6884d033</base:localId>
					<base:namespace>SE.SGP.HO</base:namespace>
				</base:Identifier>
			</ho:punktId>
			<ho:insamlingMetod xsi:nil="true" nilReason="unknown"/>
		</ho:HO_AnnanHojdDjupPunkt>
	</ho:hojdDjupPunkt>
	<ho:hojdDjupPunkt>
		<ho:HO_AnnanHojdDjupPunkt gml:id="SE.SGP.HO.126e9baa-c273-4473-8c94-5d470d7a3e0b">
			<gml:boundedBy>
				<gml:Envelope srsName="urn:ogc:def:crs:EPSG::3008" srsDimension="2">
					<gml:lowerCorner>6584062.668556333 150606.22997462412</gml:lowerCorner>
					<gml:upperCorner>6584063.470989578 150607.8348411151</gml:upperCorner>
				</gml:Envelope>
			</gml:boundedBy>
			<el-vec:beginLifespanVersion>2019-05-07T09:29:18.5842284</el-vec:beginLifespanVersion>
			<el-vec:endLifespanVersion xsi:nil="true" nilReason="inapplicable"/>
			<el-vec:propertyType>height</el-vec:propertyType>
			<el-vec:classification xlink:href="http://inspire.ec.europa.eu/codeList/SpotElevationClassValue/2" xlink:title="Ground"/>
			<el-vec:geometry>
				<gml:Point gml:id="id-d093ef99-26f2-4b78-a414-215d2febb55c-0" srsName="urn:ogc:def:crs:EPSG::3008" srsDimension="3">
					<gml:pos>6584062.668556333 150606.22997462412 0</gml:pos>
				</gml:Point>
			</el-vec:geometry>
			<el-vec:propertyValue>46.5</el-vec:propertyValue>
			<el-vec:spotElevationType xlink:href="http://inspire.ec.europa.eu/codelist/SpotElevationTypeValue/generic" xlink:title="generisk"/>
			<ho:punktId>
				<base:Identifier>
					<base:localId>126e9baa-c273-4473-8c94-5d470d7a3e0b</base:localId>
					<base:namespace>SE.SGP.HO</base:namespace>
				</base:Identifier>
			</ho:punktId>
			<ho:insamlingMetod xsi:nil="true" nilReason="unknown"/>
		</ho:HO_AnnanHojdDjupPunkt>
	</ho:hojdDjupPunkt>
	<ho:hojdDjupPunkt>
		<ho:HO_AnnanHojdDjupPunkt gml:id="SE.SGP.HO.d168bcb0-1e19-4623-b097-9017d6150354">
			<gml:boundedBy>
				<gml:Envelope srsName="urn:ogc:def:crs:EPSG::3008" srsDimension="2">
					<gml:lowerCorner>6584073.048561215 150594.83898341318</gml:lowerCorner>
					<gml:upperCorner>6584073.850994461 150596.44384990417</gml:upperCorner>
				</gml:Envelope>
			</gml:boundedBy>
			<el-vec:beginLifespanVersion>2019-05-07T09:29:18.5862033</el-vec:beginLifespanVersion>
			<el-vec:endLifespanVersion xsi:nil="true" nilReason="inapplicable"/>
			<el-vec:propertyType>height</el-vec:propertyType>
			<el-vec:classification xlink:href="http://inspire.ec.europa.eu/codeList/SpotElevationClassValue/2" xlink:title="Ground"/>
			<el-vec:geometry>
				<gml:Point gml:id="id-58f2221f-8377-48a7-8ff6-9dca24aa342d-0" srsName="urn:ogc:def:crs:EPSG::3008" srsDimension="3">
					<gml:pos>6584073.048561215 150594.83898341318 0</gml:pos>
				</gml:Point>
			</el-vec:geometry>
			<el-vec:propertyValue>46.5</el-vec:propertyValue>
			<el-vec:spotElevationType xlink:href="http://inspire.ec.europa.eu/codelist/SpotElevationTypeValue/generic" xlink:title="generisk"/>
			<ho:punktId>
				<base:Identifier>
					<base:localId>d168bcb0-1e19-4623-b097-9017d6150354</base:localId>
					<base:namespace>SE.SGP.HO</base:namespace>
				</base:Identifier>
			</ho:punktId>
			<ho:insamlingMetod xsi:nil="true" nilReason="unknown"/>
		</ho:HO_AnnanHojdDjupPunkt>
	</ho:hojdDjupPunkt>
	<ho:hojdDjupPunkt>
		<ho:HO_AnnanHojdDjupPunkt gml:id="SE.SGP.HO.ba3dfe07-fea6-4431-92c3-2fd3c334d4ec">
			<gml:boundedBy>
				<gml:Envelope srsName="urn:ogc:def:crs:EPSG::3008" srsDimension="2">
					<gml:lowerCorner>6584116.432533383 150632.50205535744</gml:lowerCorner>
					<gml:upperCorner>6584117.234966629 150634.10692184843</gml:upperCorner>
				</gml:Envelope>
			</gml:boundedBy>
			<el-vec:beginLifespanVersion>2019-05-07T09:29:18.5881937</el-vec:beginLifespanVersion>
			<el-vec:endLifespanVersion xsi:nil="true" nilReason="inapplicable"/>
			<el-vec:propertyType>height</el-vec:propertyType>
			<el-vec:classification xlink:href="http://inspire.ec.europa.eu/codeList/SpotElevationClassValue/2" xlink:title="Ground"/>
			<el-vec:geometry>
				<gml:Point gml:id="id-186112c2-28cb-4244-821e-48f56941cb58-0" srsName="urn:ogc:def:crs:EPSG::3008" srsDimension="3">
					<gml:pos>6584116.432533383 150632.50205535744 0</gml:pos>
				</gml:Point>
			</el-vec:geometry>
			<el-vec:propertyValue>46.2</el-vec:propertyValue>
			<el-vec:spotElevationType xlink:href="http://inspire.ec.europa.eu/codelist/SpotElevationTypeValue/generic" xlink:title="generisk"/>
			<ho:punktId>
				<base:Identifier>
					<base:localId>ba3dfe07-fea6-4431-92c3-2fd3c334d4ec</base:localId>
					<base:namespace>SE.SGP.HO</base:namespace>
				</base:Identifier>
			</ho:punktId>
			<ho:insamlingMetod xsi:nil="true" nilReason="unknown"/>
		</ho:HO_AnnanHojdDjupPunkt>
	</ho:hojdDjupPunkt>
	<ho:hojdDjupPunkt>
		<ho:HO_AnnanHojdDjupPunkt gml:id="SE.SGP.HO.e414909b-d08c-4da8-bf14-e759288f88ac">
			<gml:boundedBy>
				<gml:Envelope srsName="urn:ogc:def:crs:EPSG::3008" srsDimension="2">
					<gml:lowerCorner>6584110.495338559 150641.64706591246</gml:lowerCorner>
					<gml:upperCorner>6584111.297771805 150643.25193240345</gml:upperCorner>
				</gml:Envelope>
			</gml:boundedBy>
			<el-vec:beginLifespanVersion>2019-05-07T09:29:18.590171</el-vec:beginLifespanVersion>
			<el-vec:endLifespanVersion xsi:nil="true" nilReason="inapplicable"/>
			<el-vec:propertyType>height</el-vec:propertyType>
			<el-vec:classification xlink:href="http://inspire.ec.europa.eu/codeList/SpotElevationClassValue/2" xlink:title="Ground"/>
			<el-vec:geometry>
				<gml:Point gml:id="id-999b946f-79ba-492a-9c55-ed08d21755e3-0" srsName="urn:ogc:def:crs:EPSG::3008" srsDimension="3">
					<gml:pos>6584110.495338559 150641.64706591246 0</gml:pos>
				</gml:Point>
			</el-vec:geometry>
			<el-vec:propertyValue>46.1</el-vec:propertyValue>
			<el-vec:spotElevationType xlink:href="http://inspire.ec.europa.eu/codelist/SpotElevationTypeValue/generic" xlink:title="generisk"/>
			<ho:punktId>
				<base:Identifier>
					<base:localId>e414909b-d08c-4da8-bf14-e759288f88ac</base:localId>
					<base:namespace>SE.SGP.HO</base:namespace>
				</base:Identifier>
			</ho:punktId>
			<ho:insamlingMetod xsi:nil="true" nilReason="unknown"/>
		</ho:HO_AnnanHojdDjupPunkt>
	</ho:hojdDjupPunkt>
	<ho:hojdDjupPunkt>
		<ho:HO_AnnanHojdDjupPunkt gml:id="SE.SGP.HO.9e18786e-d18e-4883-b3f4-b500b690f9e1">
			<gml:boundedBy>
				<gml:Envelope srsName="urn:ogc:def:crs:EPSG::3008" srsDimension="2">
					<gml:lowerCorner>6584108.363319516 150635.17798074806</gml:lowerCorner>
					<gml:upperCorner>6584109.165752762 150636.78284723905</gml:upperCorner>
				</gml:Envelope>
			</gml:boundedBy>
			<el-vec:beginLifespanVersion>2019-05-07T09:29:18.5918406</el-vec:beginLifespanVersion>
			<el-vec:endLifespanVersion xsi:nil="true" nilReason="inapplicable"/>
			<el-vec:propertyType>height</el-vec:propertyType>
			<el-vec:classification xlink:href="http://inspire.ec.europa.eu/codeList/SpotElevationClassValue/2" xlink:title="Ground"/>
			<el-vec:geometry>
				<gml:Point gml:id="id-020d4bba-e602-451c-ba09-8a1d079da8e0-0" srsName="urn:ogc:def:crs:EPSG::3008" srsDimension="3">
					<gml:pos>6584108.363319516 150635.17798074806 0</gml:pos>
				</gml:Point>
			</el-vec:geometry>
			<el-vec:propertyValue>46.2</el-vec:propertyValue>
			<el-vec:spotElevationType xlink:href="http://inspire.ec.europa.eu/codelist/SpotElevationTypeValue/generic" xlink:title="generisk"/>
			<ho:punktId>
				<base:Identifier>
					<base:localId>9e18786e-d18e-4883-b3f4-b500b690f9e1</base:localId>
					<base:namespace>SE.SGP.HO</base:namespace>
				</base:Identifier>
			</ho:punktId>
			<ho:insamlingMetod xsi:nil="true" nilReason="unknown"/>
		</ho:HO_AnnanHojdDjupPunkt>
	</ho:hojdDjupPunkt>
	<ho:hojdDjupPunkt>
		<ho:HO_AnnanHojdDjupPunkt gml:id="SE.SGP.HO.e1476684-55c9-4057-a28d-4eee8470b284">
			<gml:boundedBy>
				<gml:Envelope srsName="urn:ogc:def:crs:EPSG::3008" srsDimension="2">
					<gml:lowerCorner>6584091.370521665 150620.0178634629</gml:lowerCorner>
					<gml:upperCorner>6584092.17295491 150621.6227299539</gml:upperCorner>
				</gml:Envelope>
			</gml:boundedBy>
			<el-vec:beginLifespanVersion>2019-05-07T09:29:18.5936504</el-vec:beginLifespanVersion>
			<el-vec:endLifespanVersion xsi:nil="true" nilReason="inapplicable"/>
			<el-vec:propertyType>height</el-vec:propertyType>
			<el-vec:classification xlink:href="http://inspire.ec.europa.eu/codeList/SpotElevationClassValue/2" xlink:title="Ground"/>
			<el-vec:geometry>
				<gml:Point gml:id="id-8e3f747e-29a5-4465-80c5-88f828dbef1c-0" srsName="urn:ogc:def:crs:EPSG::3008" srsDimension="3">
					<gml:pos>6584091.370521665 150620.0178634629 0</gml:pos>
				</gml:Point>
			</el-vec:geometry>
			<el-vec:propertyValue>46.2</el-vec:propertyValue>
			<el-vec:spotElevationType xlink:href="http://inspire.ec.europa.eu/codelist/SpotElevationTypeValue/generic" xlink:title="generisk"/>
			<ho:punktId>
				<base:Identifier>
					<base:localId>e1476684-55c9-4057-a28d-4eee8470b284</base:localId>
					<base:namespace>SE.SGP.HO</base:namespace>
				</base:Identifier>
			</ho:punktId>
			<ho:insamlingMetod xsi:nil="true" nilReason="unknown"/>
		</ho:HO_AnnanHojdDjupPunkt>
	</ho:hojdDjupPunkt>
	<ho:hojdDjupPunkt>
		<ho:HO_AnnanHojdDjupPunkt gml:id="SE.SGP.HO.8de8a636-1df7-46b1-92c3-1810d5ea52c0">
			<gml:boundedBy>
				<gml:Envelope srsName="urn:ogc:def:crs:EPSG::3008" srsDimension="2">
					<gml:lowerCorner>6584087.63254559 150599.09182845752</gml:lowerCorner>
					<gml:upperCorner>6584088.434978836 150600.6966949485</gml:upperCorner>
				</gml:Envelope>
			</gml:boundedBy>
			<el-vec:beginLifespanVersion>2019-05-07T09:29:18.6000794</el-vec:beginLifespanVersion>
			<el-vec:endLifespanVersion xsi:nil="true" nilReason="inapplicable"/>
			<el-vec:propertyType>height</el-vec:propertyType>
			<el-vec:classification xlink:href="http://inspire.ec.europa.eu/codeList/SpotElevationClassValue/2" xlink:title="Ground"/>
			<el-vec:geometry>
				<gml:Point gml:id="id-578a4ce4-0fb2-4033-92e4-e72d21184c75-0" srsName="urn:ogc:def:crs:EPSG::3008" srsDimension="3">
					<gml:pos>6584087.63254559 150599.09182845752 0</gml:pos>
				</gml:Point>
			</el-vec:geometry>
			<el-vec:propertyValue>46.6</el-vec:propertyValue>
			<el-vec:spotElevationType xlink:href="http://inspire.ec.europa.eu/codelist/SpotElevationTypeValue/generic" xlink:title="generisk"/>
			<ho:punktId>
				<base:Identifier>
					<base:localId>8de8a636-1df7-46b1-92c3-1810d5ea52c0</base:localId>
					<base:namespace>SE.SGP.HO</base:namespace>
				</base:Identifier>
			</ho:punktId>
			<ho:insamlingMetod xsi:nil="true" nilReason="unknown"/>
		</ho:HO_AnnanHojdDjupPunkt>
	</ho:hojdDjupPunkt>
	<ho:hojdDjupPunkt>
		<ho:HO_AnnanHojdDjupPunkt gml:id="SE.SGP.HO.299a208d-6fe8-48cc-9afd-6dcae02b2372">
			<gml:boundedBy>
				<gml:Envelope srsName="urn:ogc:def:crs:EPSG::3008" srsDimension="2">
					<gml:lowerCorner>6584080.717323422 150642.52332976993</gml:lowerCorner>
					<gml:upperCorner>6584081.519756668 150644.12819626092</gml:upperCorner>
				</gml:Envelope>
			</gml:boundedBy>
			<el-vec:beginLifespanVersion>2019-05-07T09:29:18.6026675</el-vec:beginLifespanVersion>
			<el-vec:endLifespanVersion xsi:nil="true" nilReason="inapplicable"/>
			<el-vec:propertyType>height</el-vec:propertyType>
			<el-vec:classification xlink:href="http://inspire.ec.europa.eu/codeList/SpotElevationClassValue/2" xlink:title="Ground"/>
			<el-vec:geometry>
				<gml:Point gml:id="id-0a78b7c5-a5cf-42e8-8b45-1043ba4e5bda-0" srsName="urn:ogc:def:crs:EPSG::3008" srsDimension="3">
					<gml:pos>6584080.717323422 150642.52332976993 0</gml:pos>
				</gml:Point>
			</el-vec:geometry>
			<el-vec:propertyValue>46.4</el-vec:propertyValue>
			<el-vec:spotElevationType xlink:href="http://inspire.ec.europa.eu/codelist/SpotElevationTypeValue/generic" xlink:title="generisk"/>
			<ho:punktId>
				<base:Identifier>
					<base:localId>299a208d-6fe8-48cc-9afd-6dcae02b2372</base:localId>
					<base:namespace>SE.SGP.HO</base:namespace>
				</base:Identifier>
			</ho:punktId>
			<ho:insamlingMetod xsi:nil="true" nilReason="unknown"/>
		</ho:HO_AnnanHojdDjupPunkt>
	</ho:hojdDjupPunkt>
	<ho:hojdDjupPunkt>
		<ho:HO_AnnanHojdDjupPunkt gml:id="SE.SGP.HO.89c74636-86c1-45d7-90f9-917955e2e4db">
			<gml:boundedBy>
				<gml:Envelope srsName="urn:ogc:def:crs:EPSG::3008" srsDimension="2">
					<gml:lowerCorner>6584076.232521176 150627.4019797715</gml:lowerCorner>
					<gml:upperCorner>6584077.034954422 150629.0068462625</gml:upperCorner>
				</gml:Envelope>
			</gml:boundedBy>
			<el-vec:beginLifespanVersion>2019-05-07T09:29:18.6055175</el-vec:beginLifespanVersion>
			<el-vec:endLifespanVersion xsi:nil="true" nilReason="inapplicable"/>
			<el-vec:propertyType>height</el-vec:propertyType>
			<el-vec:classification xlink:href="http://inspire.ec.europa.eu/codeList/SpotElevationClassValue/2" xlink:title="Ground"/>
			<el-vec:geometry>
				<gml:Point gml:id="id-dfe513f4-366a-4709-8449-a43a0aa02813-0" srsName="urn:ogc:def:crs:EPSG::3008" srsDimension="3">
					<gml:pos>6584076.232521176 150627.4019797715 0</gml:pos>
				</gml:Point>
			</el-vec:geometry>
			<el-vec:propertyValue>46.2</el-vec:propertyValue>
			<el-vec:spotElevationType xlink:href="http://inspire.ec.europa.eu/codelist/SpotElevationTypeValue/generic" xlink:title="generisk"/>
			<ho:punktId>
				<base:Identifier>
					<base:localId>89c74636-86c1-45d7-90f9-917955e2e4db</base:localId>
					<base:namespace>SE.SGP.HO</base:namespace>
				</base:Identifier>
			</ho:punktId>
			<ho:insamlingMetod xsi:nil="true" nilReason="unknown"/>
		</ho:HO_AnnanHojdDjupPunkt>
	</ho:hojdDjupPunkt>
	<ho:hojdDjupPunkt>
		<ho:HO_AnnanHojdDjupPunkt gml:id="SE.SGP.HO.e3019d1b-e014-4f6f-b838-dc7dd114cd68">
			<gml:boundedBy>
				<gml:Envelope srsName="urn:ogc:def:crs:EPSG::3008" srsDimension="2">
					<gml:lowerCorner>6584074.631935239 150601.55461873478</gml:lowerCorner>
					<gml:upperCorner>6584075.434368485 150603.15948522577</gml:upperCorner>
				</gml:Envelope>
			</gml:boundedBy>
			<el-vec:beginLifespanVersion>2019-05-07T09:29:18.6076517</el-vec:beginLifespanVersion>
			<el-vec:endLifespanVersion xsi:nil="true" nilReason="inapplicable"/>
			<el-vec:propertyType>height</el-vec:propertyType>
			<el-vec:classification xlink:href="http://inspire.ec.europa.eu/codeList/SpotElevationClassValue/2" xlink:title="Ground"/>
			<el-vec:geometry>
				<gml:Point gml:id="id-e5339f48-3f8b-4961-96e4-4ecc27bd14b4-0" srsName="urn:ogc:def:crs:EPSG::3008" srsDimension="3">
					<gml:pos>6584074.631935239 150601.55461873478 0</gml:pos>
				</gml:Point>
			</el-vec:geometry>
			<el-vec:propertyValue>46.4</el-vec:propertyValue>
			<el-vec:spotElevationType xlink:href="http://inspire.ec.europa.eu/codelist/SpotElevationTypeValue/generic" xlink:title="generisk"/>
			<ho:punktId>
				<base:Identifier>
					<base:localId>e3019d1b-e014-4f6f-b838-dc7dd114cd68</base:localId>
					<base:namespace>SE.SGP.HO</base:namespace>
				</base:Identifier>
			</ho:punktId>
			<ho:insamlingMetod xsi:nil="true" nilReason="unknown"/>
		</ho:HO_AnnanHojdDjupPunkt>
	</ho:hojdDjupPunkt>
	<ho:hojdDjupPunkt>
		<ho:HO_AnnanHojdDjupPunkt gml:id="SE.SGP.HO.f1f425f0-5bba-4c7b-b4f5-623007a78fea">
			<gml:boundedBy>
				<gml:Envelope srsName="urn:ogc:def:crs:EPSG::3008" srsDimension="2">
					<gml:lowerCorner>6584058.37851727 150644.19255917417</gml:lowerCorner>
					<gml:upperCorner>6584059.180950516 150645.79742566517</gml:upperCorner>
				</gml:Envelope>
			</gml:boundedBy>
			<el-vec:beginLifespanVersion>2019-05-07T09:29:18.6092782</el-vec:beginLifespanVersion>
			<el-vec:endLifespanVersion xsi:nil="true" nilReason="inapplicable"/>
			<el-vec:propertyType>height</el-vec:propertyType>
			<el-vec:classification xlink:href="http://inspire.ec.europa.eu/codeList/SpotElevationClassValue/2" xlink:title="Ground"/>
			<el-vec:geometry>
				<gml:Point gml:id="id-9488d735-6bcb-4e03-ab03-78ac768e6c95-0" srsName="urn:ogc:def:crs:EPSG::3008" srsDimension="3">
					<gml:pos>6584058.37851727 150644.19255917417 0</gml:pos>
				</gml:Point>
			</el-vec:geometry>
			<el-vec:propertyValue>46.1</el-vec:propertyValue>
			<el-vec:spotElevationType xlink:href="http://inspire.ec.europa.eu/codelist/SpotElevationTypeValue/generic" xlink:title="generisk"/>
			<ho:punktId>
				<base:Identifier>
					<base:localId>f1f425f0-5bba-4c7b-b4f5-623007a78fea</base:localId>
					<base:namespace>SE.SGP.HO</base:namespace>
				</base:Identifier>
			</ho:punktId>
			<ho:insamlingMetod xsi:nil="true" nilReason="unknown"/>
		</ho:HO_AnnanHojdDjupPunkt>
	</ho:hojdDjupPunkt>
	<ho:hojdDjupPunkt>
		<ho:HO_AnnanHojdDjupPunkt gml:id="SE.SGP.HO.9784fa43-537c-494e-a6c0-58cafa88fe24">
			<gml:boundedBy>
				<gml:Envelope srsName="urn:ogc:def:crs:EPSG::3008" srsDimension="2">
					<gml:lowerCorner>6584054.862709165 150621.46592306613</gml:lowerCorner>
					<gml:upperCorner>6584055.66514241 150623.07078955712</gml:upperCorner>
				</gml:Envelope>
			</gml:boundedBy>
			<el-vec:beginLifespanVersion>2019-05-07T09:29:18.6118305</el-vec:beginLifespanVersion>
			<el-vec:endLifespanVersion xsi:nil="true" nilReason="inapplicable"/>
			<el-vec:propertyType>height</el-vec:propertyType>
			<el-vec:classification xlink:href="http://inspire.ec.europa.eu/codeList/SpotElevationClassValue/2" xlink:title="Ground"/>
			<el-vec:geometry>
				<gml:Point gml:id="id-0e9989fd-a8dc-4b8b-8fbd-fd4a4ed4b304-0" srsName="urn:ogc:def:crs:EPSG::3008" srsDimension="3">
					<gml:pos>6584054.862709165 150621.46592306613 0</gml:pos>
				</gml:Point>
			</el-vec:geometry>
			<el-vec:propertyValue>46.0</el-vec:propertyValue>
			<el-vec:spotElevationType xlink:href="http://inspire.ec.europa.eu/codelist/SpotElevationTypeValue/generic" xlink:title="generisk"/>
			<ho:punktId>
				<base:Identifier>
					<base:localId>9784fa43-537c-494e-a6c0-58cafa88fe24</base:localId>
					<base:namespace>SE.SGP.HO</base:namespace>
				</base:Identifier>
			</ho:punktId>
			<ho:insamlingMetod xsi:nil="true" nilReason="unknown"/>
		</ho:HO_AnnanHojdDjupPunkt>
	</ho:hojdDjupPunkt>
	<ho:hojdDjupPunkt>
		<ho:HO_AnnanHojdDjupPunkt gml:id="SE.SGP.HO.c5f53de0-4e66-4ccf-b21d-ce15b4f03527">
			<gml:boundedBy>
				<gml:Envelope srsName="urn:ogc:def:crs:EPSG::3008" srsDimension="2">
					<gml:lowerCorner>6584039.81790936 150647.7384436184</gml:lowerCorner>
					<gml:upperCorner>6584040.620342606 150649.3433101094</gml:upperCorner>
				</gml:Envelope>
			</gml:boundedBy>
			<el-vec:beginLifespanVersion>2019-05-07T09:29:18.6172251</el-vec:beginLifespanVersion>
			<el-vec:endLifespanVersion xsi:nil="true" nilReason="inapplicable"/>
			<el-vec:propertyType>height</el-vec:propertyType>
			<el-vec:classification xlink:href="http://inspire.ec.europa.eu/codeList/SpotElevationClassValue/2" xlink:title="Ground"/>
			<el-vec:geometry>
				<gml:Point gml:id="id-79c90987-47c6-4f9a-964b-5cb016c14154-0" srsName="urn:ogc:def:crs:EPSG::3008" srsDimension="3">
					<gml:pos>6584039.81790936 150647.7384436184 0</gml:pos>
				</gml:Point>
			</el-vec:geometry>
			<el-vec:propertyValue>45.9</el-vec:propertyValue>
			<el-vec:spotElevationType xlink:href="http://inspire.ec.europa.eu/codelist/SpotElevationTypeValue/generic" xlink:title="generisk"/>
			<ho:punktId>
				<base:Identifier>
					<base:localId>c5f53de0-4e66-4ccf-b21d-ce15b4f03527</base:localId>
					<base:namespace>SE.SGP.HO</base:namespace>
				</base:Identifier>
			</ho:punktId>
			<ho:insamlingMetod xsi:nil="true" nilReason="unknown"/>
		</ho:HO_AnnanHojdDjupPunkt>
	</ho:hojdDjupPunkt>
	<ho:hojdDjupPunkt>
		<ho:HO_AnnanHojdDjupPunkt gml:id="SE.SGP.HO.982981bb-7a4d-4646-aa7f-4818a9ce4e43">
			<gml:boundedBy>
				<gml:Envelope srsName="urn:ogc:def:crs:EPSG::3008" srsDimension="2">
					<gml:lowerCorner>6584038.532508969 150638.5987364653</gml:lowerCorner>
					<gml:upperCorner>6584039.334942215 150640.2036029563</gml:upperCorner>
				</gml:Envelope>
			</gml:boundedBy>
			<el-vec:beginLifespanVersion>2019-05-07T09:29:18.6187931</el-vec:beginLifespanVersion>
			<el-vec:endLifespanVersion xsi:nil="true" nilReason="inapplicable"/>
			<el-vec:propertyType>height</el-vec:propertyType>
			<el-vec:classification xlink:href="http://inspire.ec.europa.eu/codeList/SpotElevationClassValue/2" xlink:title="Ground"/>
			<el-vec:geometry>
				<gml:Point gml:id="id-049ad6d4-4e67-468d-8b28-9695aafc479f-0" srsName="urn:ogc:def:crs:EPSG::3008" srsDimension="3">
					<gml:pos>6584038.532508969 150638.5987364653 0</gml:pos>
				</gml:Point>
			</el-vec:geometry>
			<el-vec:propertyValue>45.6</el-vec:propertyValue>
			<el-vec:spotElevationType xlink:href="http://inspire.ec.europa.eu/codelist/SpotElevationTypeValue/generic" xlink:title="generisk"/>
			<ho:punktId>
				<base:Identifier>
					<base:localId>982981bb-7a4d-4646-aa7f-4818a9ce4e43</base:localId>
					<base:namespace>SE.SGP.HO</base:namespace>
				</base:Identifier>
			</ho:punktId>
			<ho:insamlingMetod xsi:nil="true" nilReason="unknown"/>
		</ho:HO_AnnanHojdDjupPunkt>
	</ho:hojdDjupPunkt>
	<ho:hojdDjupPunkt>
		<ho:HO_AnnanHojdDjupPunkt gml:id="SE.SGP.HO.697e5df5-e9f9-49d8-8954-253b849efae4">
			<gml:boundedBy>
				<gml:Envelope srsName="urn:ogc:def:crs:EPSG::3008" srsDimension="2">
					<gml:lowerCorner>6584078.413758472 150589.8242943251</gml:lowerCorner>
					<gml:upperCorner>6584079.550900638 150593.80429190912</gml:upperCorner>
				</gml:Envelope>
			</gml:boundedBy>
			<el-vec:beginLifespanVersion>2019-05-07T09:29:18.6218739</el-vec:beginLifespanVersion>
			<el-vec:endLifespanVersion xsi:nil="true" nilReason="inapplicable"/>
			<el-vec:propertyType>height</el-vec:propertyType>
			<el-vec:classification xlink:href="http://inspire.ec.europa.eu/codeList/SpotElevationClassValue/2" xlink:title="Ground"/>
			<el-vec:geometry>
				<gml:Point gml:id="id-a65a5afb-75a7-4c4e-ba33-01adf9b7c900-0" srsName="urn:ogc:def:crs:EPSG::3008" srsDimension="3">
					<gml:pos>6584078.413758472 150589.8242943251 0</gml:pos>
				</gml:Point>
			</el-vec:geometry>
			<el-vec:propertyValue>46.80</el-vec:propertyValue>
			<el-vec:spotElevationType xlink:href="http://inspire.ec.europa.eu/codelist/SpotElevationTypeValue/generic" xlink:title="generisk"/>
			<ho:punktId>
				<base:Identifier>
					<base:localId>697e5df5-e9f9-49d8-8954-253b849efae4</base:localId>
					<base:namespace>SE.SGP.HO</base:namespace>
				</base:Identifier>
			</ho:punktId>
			<ho:insamlingMetod xsi:nil="true" nilReason="unknown"/>
		</ho:HO_AnnanHojdDjupPunkt>
	</ho:hojdDjupPunkt>
	<ho:hojdDjupPunkt>
		<ho:HO_AnnanHojdDjupPunkt gml:id="SE.SGP.HO.28d6dfb4-b1e1-49bf-adbd-ebe457ac454f">
			<gml:boundedBy>
				<gml:Envelope srsName="urn:ogc:def:crs:EPSG::3008" srsDimension="2">
					<gml:lowerCorner>6584032.4127753535 150642.37594211567</gml:lowerCorner>
					<gml:upperCorner>6584036.131409353 150645.88411412472</gml:upperCorner>
				</gml:Envelope>
			</gml:boundedBy>
			<el-vec:beginLifespanVersion>2019-05-07T09:29:18.6236771</el-vec:beginLifespanVersion>
			<el-vec:endLifespanVersion xsi:nil="true" nilReason="inapplicable"/>
			<el-vec:propertyType>height</el-vec:propertyType>
			<el-vec:classification xlink:href="http://inspire.ec.europa.eu/codeList/SpotElevationClassValue/2" xlink:title="Ground"/>
			<el-vec:geometry>
				<gml:Point gml:id="id-c54b1f47-90a3-486a-9930-b24ff610d17e-0" srsName="urn:ogc:def:crs:EPSG::3008" srsDimension="3">
					<gml:pos>6584035.370523306 150642.37594211567 0</gml:pos>
				</gml:Point>
			</el-vec:geometry>
			<el-vec:propertyValue>46.60</el-vec:propertyValue>
			<el-vec:spotElevationType xlink:href="http://inspire.ec.europa.eu/codelist/SpotElevationTypeValue/generic" xlink:title="generisk"/>
			<ho:punktId>
				<base:Identifier>
					<base:localId>28d6dfb4-b1e1-49bf-adbd-ebe457ac454f</base:localId>
					<base:namespace>SE.SGP.HO</base:namespace>
				</base:Identifier>
			</ho:punktId>
			<ho:insamlingMetod xsi:nil="true" nilReason="unknown"/>
		</ho:HO_AnnanHojdDjupPunkt>
	</ho:hojdDjupPunkt>
	<ho:hojdDjupPunkt>
		<ho:HO_AnnanHojdDjupPunkt gml:id="SE.SGP.HO.d2ec66dd-dabd-4fe3-93b5-ebfbd6f3aa84">
			<gml:boundedBy>
				<gml:Envelope srsName="urn:ogc:def:crs:EPSG::3008" srsDimension="2">
					<gml:lowerCorner>6584042.9537909785 150632.08895481098</gml:lowerCorner>
					<gml:upperCorner>6584046.672424978 150635.59712682004</gml:upperCorner>
				</gml:Envelope>
			</gml:boundedBy>
			<el-vec:beginLifespanVersion>2019-05-07T09:29:18.6251909</el-vec:beginLifespanVersion>
			<el-vec:endLifespanVersion xsi:nil="true" nilReason="inapplicable"/>
			<el-vec:propertyType>height</el-vec:propertyType>
			<el-vec:classification xlink:href="http://inspire.ec.europa.eu/codeList/SpotElevationClassValue/2" xlink:title="Ground"/>
			<el-vec:geometry>
				<gml:Point gml:id="id-5fa9d092-8632-4a3a-a360-3150b2d2b22f-0" srsName="urn:ogc:def:crs:EPSG::3008" srsDimension="3">
					<gml:pos>6584045.911538931 150632.08895481098 0</gml:pos>
				</gml:Point>
			</el-vec:geometry>
			<el-vec:propertyValue>46.60</el-vec:propertyValue>
			<el-vec:spotElevationType xlink:href="http://inspire.ec.europa.eu/codelist/SpotElevationTypeValue/generic" xlink:title="generisk"/>
			<ho:punktId>
				<base:Identifier>
					<base:localId>d2ec66dd-dabd-4fe3-93b5-ebfbd6f3aa84</base:localId>
					<base:namespace>SE.SGP.HO</base:namespace>
				</base:Identifier>
			</ho:punktId>
			<ho:insamlingMetod xsi:nil="true" nilReason="unknown"/>
		</ho:HO_AnnanHojdDjupPunkt>
	</ho:hojdDjupPunkt>
</ho:HO_HojdDjupPunkterDatamangd>
