﻿<?xml version="1.0" encoding="UTF-8"?>
<by:BY_ByggnadDatamangd xmlns:xlink="http://www.w3.org/1999/xlink" xmlns:gts="http://www.isotc211.org/2005/gts" xmlns:gss="http://www.isotc211.org/2005/gss" xmlns:gn="http://inspire.ec.europa.eu/schemas/gn/4.0" xmlns:gmd="http://www.isotc211.org/2005/gmd" xmlns:xsi="http://www.w3.org/2001/XMLSchema-instance" xmlns:ge="http://namespace.lantmateriet.se/svenskgeoprocess/base/ge/3.0" xmlns:gco="http://www.isotc211.org/2005/gco" xmlns:gml="http://www.opengis.net/gml/3.2" xmlns:by="http://namespace.lantmateriet.se/svenskgeoprocess/by/3.0" xmlns:sg="http://namespace.lantmateriet.se/svenskgeoprocess/base/sg/3.0" xmlns:bu-base="http://inspire.ec.europa.eu/schemas/bu-base/4.0" xmlns:gsr="http://www.isotc211.org/2005/gsr" xmlns:base2="http://inspire.ec.europa.eu/schemas/base2/2.0" xmlns:base="http://inspire.ec.europa.eu/schemas/base/3.3" xmlns:sgk="http://namespace.lantmateriet.se/svenskgeoprocess/base/sgk/3.2" xmlns:ad="http://inspire.ec.europa.eu/schemas/ad/4.0" gml:id="SE.SGP.BY.0b3a49f7-9111-4339-8f3d-3ca84aac1ffd" xsi:schemaLocation="http://namespace.lantmateriet.se/svenskgeoprocess/by/3.0 http://namespace.lantmateriet.se/svenskgeoprocess/by/3.0/BY_Byggnad.xsd">
	<gml:boundedBy>
		<gml:Envelope srsName="urn:ogc:def:crs:EPSG::3013" srsDimension="2">
			<gml:lowerCorner>6721591.3419 145219.21899999958</gml:lowerCorner>
			<gml:upperCorner>6721822.4867 145582.26389999967</gml:upperCorner>
		</gml:Envelope>
	</gml:boundedBy>
	<sg:id>
		<base:localId>0b3a49f7-9111-4339-8f3d-3ca84aac1ffd</base:localId>
		<base:namespace>SE.SGP.BY</base:namespace>
	</sg:id>
	<sg:uttagDatum>2019-01-16T11:06:12.4803524</sg:uttagDatum>
	<sg:metadata xsi:nil="true" nilReason="unknown"/>
	<sg:koordinatsystemPlan>EPSG:3013</sg:koordinatsystemPlan>
	<sg:hojdsystem>RH 2000</sg:hojdsystem>
	<sg:dimension>3</sg:dimension>
	<by:bestarAv>
		<by:BY_Byggnad gml:id="SE.SGP.BY.c7f93576-7f14-413b-a910-5ae2c6f41d43">
			<gml:boundedBy>
				<gml:Envelope srsName="urn:ogc:def:crs:EPSG::3013" srsDimension="2">
					<gml:lowerCorner>6721591.3419 145512.79870000016</gml:lowerCorner>
					<gml:upperCorner>6721667.323999999 145582.26389999967</gml:upperCorner>
				</gml:Envelope>
			</gml:boundedBy>
			<sg:id>
				<base:localId>c7f93576-7f14-413b-a910-5ae2c6f41d43</base:localId>
				<base:namespace>SE.SGP.BY</base:namespace>
			</sg:id>
			<sg:beginLifespanVersion>2019-01-16T11:06:12.2454386</sg:beginLifespanVersion>
			<by:byggnadNummer xsi:nil="true" nilReason="unknown"/>
			<by:byggnadAndamal>
				<by:byggnadAndamalTyp>industri</by:byggnadAndamalTyp>
			</by:byggnadAndamal>
			<by:byggnadAndamal>
				<by:byggnadAndamalTyp>ospecificerad</by:byggnadAndamalTyp>
			</by:byggnadAndamal>
			<by:status>gällande</by:status>
			<by:byggnadArea>3201</by:byggnadArea>
			<by:bestarAv>
				<by:BY_Byggnadsdel gml:id="SE.SGP.BY.7999fa13-57e8-406c-80ce-f1a8276a0171">
					<gml:boundedBy>
						<gml:Envelope srsName="urn:ogc:def:crs:EPSG::3013" srsDimension="2">
							<gml:lowerCorner>6721591.3419 145512.79870000016</gml:lowerCorner>
							<gml:upperCorner>6721667.323999999 145582.26389999967</gml:upperCorner>
						</gml:Envelope>
					</gml:boundedBy>
					<by:byggnadAndamalDel>
						<by:byggnadAndamalTyp>industri</by:byggnadAndamalTyp>
					</by:byggnadAndamalDel>
					<by:byggnadAndamalDel>
						<by:byggnadAndamalTyp>ospecificerad</by:byggnadAndamalTyp>
					</by:byggnadAndamalDel>
					<by:statusDel>gällande</by:statusDel>
					<by:heltUnderMark>false</by:heltUnderMark>
					<by:geometriLoD0>
						<by:ytgeometri>
							<gml:Surface gml:id="id-0708c5f5-a9a0-4d23-8706-debc7435da94-0" srsName="urn:ogc:def:crs:EPSG::3013" srsDimension="3">
								<gml:patches>
									<gml:PolygonPatch>
										<gml:exterior>
											<gml:LinearRing>
												<gml:posList>6721664.7820999995 145555.14319999982 150.80800000000454 6721656.760199999 145576.52410000004 150.80800000000454 6721653.162599999 145575.1743999999 150.80800000000454 6721650.502699999 145582.26389999967 150.80800000000454 6721624.3945 145572.46839999966 150.80800000000454 6721624.5382 145572.08530000038 150.80800000000454 6721604.283399999 145564.48599999957 150.80800000000454 6721607.170700001 145556.79050000012 150.80800000000454 6721591.3419 145550.8518000003 150.80800000000454 6721605.618899999 145512.79870000016 150.80800000000454 6721667.323999999 145535.94969999976 150.80800000000454 6721664.169600001 145544.3574000001 150.80800000000454 6721664.634400001 145544.5318 150.80800000000454 6721661.162599999 145553.7851999998 150.80800000000454 6721664.7820999995 145555.14319999982 150.80800000000454</gml:posList>
											</gml:LinearRing>
										</gml:exterior>
									</gml:PolygonPatch>
								</gml:patches>
							</gml:Surface>
						</by:ytgeometri>
						<by:geometriMetadata>
							<ge:lagesosakerhetPlan>0.030</ge:lagesosakerhetPlan>
							<ge:lagesosakerhetHojd>0.050</ge:lagesosakerhetHojd>
							<ge:matmetodPlan>geodetisk mätning, GNSS med korrektion</ge:matmetodPlan>
							<ge:matmetodHojd>geodetisk mätning, GNSS med korrektion</ge:matmetodHojd>
							<ge:tidpunktMatning>2018-09-14T09:14:13</ge:tidpunktMatning>
							<ge:utforandeOrganisation>Ingen information</ge:utforandeOrganisation>
							<ge:HMK_Standardniva xsi:nil="true" nilReason="unknown"/>
							<ge:foljerMatningsanvisning xsi:nil="true" nilReason="unknown"/>
							<ge:aktualitet>2018-09-14T09:14:13</ge:aktualitet>
						</by:geometriMetadata>
						<by:planLageTyp>husgrund</by:planLageTyp>
						<by:hojdLageTyp>sockelhöjd</by:hojdLageTyp>
					</by:geometriLoD0>
				</by:BY_Byggnadsdel>
			</by:bestarAv>
		</by:BY_Byggnad>
	</by:bestarAv>
	<by:bestarAv>
		<by:BY_Byggnad gml:id="SE.SGP.BY.ce400900-48b0-495b-a15d-c37a21e1aa56">
			<gml:boundedBy>
				<gml:Envelope srsName="urn:ogc:def:crs:EPSG::3013" srsDimension="2">
					<gml:lowerCorner>6721794.273600001 145362.92260000017</gml:lowerCorner>
					<gml:upperCorner>6721822.4867 145407.1172000002</gml:upperCorner>
				</gml:Envelope>
			</gml:boundedBy>
			<sg:id>
				<base:localId>ce400900-48b0-495b-a15d-c37a21e1aa56</base:localId>
				<base:namespace>SE.SGP.BY</base:namespace>
			</sg:id>
			<sg:beginLifespanVersion>2019-01-16T11:06:12.365794</sg:beginLifespanVersion>
			<by:byggnadNummer xsi:nil="true" nilReason="unknown"/>
			<by:byggnadAndamal>
				<by:byggnadAndamalTyp>verksamhet</by:byggnadAndamalTyp>
			</by:byggnadAndamal>
			<by:byggnadAndamal>
				<by:byggnadAndamalTyp>ospecificerad</by:byggnadAndamalTyp>
			</by:byggnadAndamal>
			<by:status>gällande</by:status>
			<by:byggnadArea>537</by:byggnadArea>
			<by:bestarAv>
				<by:BY_Byggnadsdel gml:id="SE.SGP.BY.9896d86c-a43e-4b75-9d30-e6de77d4e027">
					<gml:boundedBy>
						<gml:Envelope srsName="urn:ogc:def:crs:EPSG::3013" srsDimension="2">
							<gml:lowerCorner>6721794.273600001 145362.92260000017</gml:lowerCorner>
							<gml:upperCorner>6721822.4867 145407.1172000002</gml:upperCorner>
						</gml:Envelope>
					</gml:boundedBy>
					<by:byggnadAndamalDel>
						<by:byggnadAndamalTyp>verksamhet</by:byggnadAndamalTyp>
					</by:byggnadAndamalDel>
					<by:byggnadAndamalDel>
						<by:byggnadAndamalTyp>ospecificerad</by:byggnadAndamalTyp>
					</by:byggnadAndamalDel>
					<by:statusDel>gällande</by:statusDel>
					<by:heltUnderMark>false</by:heltUnderMark>
					<by:geometriLoD0>
						<by:ytgeometri>
							<gml:Surface gml:id="id-0e5fefc9-3957-4be0-999a-3b6ef9a87084-0" srsName="urn:ogc:def:crs:EPSG::3013" srsDimension="3">
								<gml:patches>
									<gml:PolygonPatch>
										<gml:exterior>
											<gml:LinearRing>
												<gml:posList>6721822.4867 145400.95330000017 148.2899999999936 6721820.3148 145407.1172000002 148.2899999999936 6721795.6778 145398.45349999983 148.2899999999936 6721797.895 145392.26779999956 148.2899999999936 6721802.5951000005 145393.9277999997 148.2899999999936 6721805.285700001 145386.37129999977 148.2899999999936 6721803.430500001 145385.74459999986 148.2899999999936 6721794.273600001 145375.70610000007 148.2899999999936 6721798.6545 145362.92260000017 148.2899999999936 6721802.9748 145367.5421000002 148.2899999999936 6721803.390000001 145367.12409999967 148.2899999999936 6721807.343599999 145371.42370000016 148.2899999999936 6721807.914000001 145370.82129999995 148.2899999999936 6721816.4945 145380.2070000004 148.2899999999936 6721810.6766 145396.78210000042 148.2899999999936 6721822.4867 145400.95330000017 148.2899999999936</gml:posList>
											</gml:LinearRing>
										</gml:exterior>
									</gml:PolygonPatch>
								</gml:patches>
							</gml:Surface>
						</by:ytgeometri>
						<by:geometriMetadata>
							<ge:lagesosakerhetPlan>0.030</ge:lagesosakerhetPlan>
							<ge:lagesosakerhetHojd>0.050</ge:lagesosakerhetHojd>
							<ge:matmetodPlan>geodetisk mätning, GNSS med korrektion</ge:matmetodPlan>
							<ge:matmetodHojd>geodetisk mätning, GNSS med korrektion</ge:matmetodHojd>
							<ge:tidpunktMatning>2018-06-26T16:19:48</ge:tidpunktMatning>
							<ge:utforandeOrganisation>Kommunförvaltning</ge:utforandeOrganisation>
							<ge:HMK_Standardniva xsi:nil="true" nilReason="unknown"/>
							<ge:foljerMatningsanvisning xsi:nil="true" nilReason="unknown"/>
							<ge:aktualitet>2018-06-26T16:19:48</ge:aktualitet>
						</by:geometriMetadata>
						<by:planLageTyp>fasad</by:planLageTyp>
						<by:hojdLageTyp>ospecificerat läge</by:hojdLageTyp>
					</by:geometriLoD0>
				</by:BY_Byggnadsdel>
			</by:bestarAv>
		</by:BY_Byggnad>
	</by:bestarAv>
	<by:bestarAv>
		<by:BY_Byggnad gml:id="SE.SGP.BY.de7ff2a9-12a2-4ed6-9004-ba54e7834ec7">
			<gml:boundedBy>
				<gml:Envelope srsName="urn:ogc:def:crs:EPSG::3013" srsDimension="2">
					<gml:lowerCorner>6721759.653000001 145254.38910000026</gml:lowerCorner>
					<gml:upperCorner>6721783.995200001 145265.61610000022</gml:upperCorner>
				</gml:Envelope>
			</gml:boundedBy>
			<sg:id>
				<base:localId>de7ff2a9-12a2-4ed6-9004-ba54e7834ec7</base:localId>
				<base:namespace>SE.SGP.BY</base:namespace>
			</sg:id>
			<sg:beginLifespanVersion>2019-01-16T11:06:12.3684639</sg:beginLifespanVersion>
			<by:byggnadNummer xsi:nil="true" nilReason="unknown"/>
			<by:byggnadAndamal>
				<by:byggnadAndamalTyp>verksamhet</by:byggnadAndamalTyp>
			</by:byggnadAndamal>
			<by:byggnadAndamal>
				<by:byggnadAndamalTyp>drivmedel</by:byggnadAndamalTyp>
			</by:byggnadAndamal>
			<by:status>gällande</by:status>
			<by:byggnadArea>179</by:byggnadArea>
			<by:bestarAv>
				<by:BY_Byggnadsdel gml:id="SE.SGP.BY.d1aa5dde-eb79-41d5-bb11-063381f46e88">
					<gml:boundedBy>
						<gml:Envelope srsName="urn:ogc:def:crs:EPSG::3013" srsDimension="2">
							<gml:lowerCorner>6721759.653000001 145254.38910000026</gml:lowerCorner>
							<gml:upperCorner>6721783.995200001 145265.61610000022</gml:upperCorner>
						</gml:Envelope>
					</gml:boundedBy>
					<by:byggnadAndamalDel>
						<by:byggnadAndamalTyp>verksamhet</by:byggnadAndamalTyp>
					</by:byggnadAndamalDel>
					<by:byggnadAndamalDel>
						<by:byggnadAndamalTyp>drivmedel</by:byggnadAndamalTyp>
					</by:byggnadAndamalDel>
					<by:statusDel>gällande</by:statusDel>
					<by:heltUnderMark>false</by:heltUnderMark>
					<by:geometriLoD0>
						<by:ytgeometri>
							<gml:Surface gml:id="id-d76d76c4-541d-4a2b-9151-517365172e74-0" srsName="urn:ogc:def:crs:EPSG::3013" srsDimension="3">
								<gml:patches>
									<gml:PolygonPatch>
										<gml:exterior>
											<gml:LinearRing>
												<gml:posList>6721783.102399999 145254.38910000026 146.64250000000175 6721783.995200001 145260.0089999996 146.47060000000056 6721782.2151999995 145260.31819999963 146.47729999999865 6721782.631899999 145262.9411000004 146.6073000000033 6721766.302300001 145265.61610000022 146.60030000000552 6721765.8703000005 145262.89719999954 146.42059999999765 6721760.5287 145263.7653000001 146.61960000000545 6721759.653000001 145258.23649999965 146.50509999999485 6721783.102399999 145254.38910000026 146.64250000000175</gml:posList>
											</gml:LinearRing>
										</gml:exterior>
									</gml:PolygonPatch>
								</gml:patches>
							</gml:Surface>
						</by:ytgeometri>
						<by:geometriMetadata>
							<ge:lagesosakerhetPlan>0.050</ge:lagesosakerhetPlan>
							<ge:lagesosakerhetHojd>0.050</ge:lagesosakerhetHojd>
							<ge:matmetodPlan>geodetisk mätning, GNSS med korrektion</ge:matmetodPlan>
							<ge:matmetodHojd>geodetisk mätning, GNSS med korrektion</ge:matmetodHojd>
							<ge:tidpunktMatning>2018-09-03T14:40:28</ge:tidpunktMatning>
							<ge:utforandeOrganisation>Kommunförvaltning</ge:utforandeOrganisation>
							<ge:HMK_Standardniva xsi:nil="true" nilReason="unknown"/>
							<ge:foljerMatningsanvisning xsi:nil="true" nilReason="unknown"/>
							<ge:aktualitet>2018-09-03T14:40:28</ge:aktualitet>
						</by:geometriMetadata>
						<by:planLageTyp>fasad</by:planLageTyp>
						<by:hojdLageTyp>ospecificerat läge</by:hojdLageTyp>
					</by:geometriLoD0>
				</by:BY_Byggnadsdel>
			</by:bestarAv>
		</by:BY_Byggnad>
	</by:bestarAv>
	<by:bestarAv>
		<by:BY_Byggnad gml:id="SE.SGP.BY.88c335cb-2975-45aa-b5b8-1c84286edfda">
			<gml:boundedBy>
				<gml:Envelope srsName="urn:ogc:def:crs:EPSG::3013" srsDimension="2">
					<gml:lowerCorner>6721776.1283 145229.28809999954</gml:lowerCorner>
					<gml:upperCorner>6721783.4975000005 145243.6975999996</gml:upperCorner>
				</gml:Envelope>
			</gml:boundedBy>
			<sg:id>
				<base:localId>88c335cb-2975-45aa-b5b8-1c84286edfda</base:localId>
				<base:namespace>SE.SGP.BY</base:namespace>
			</sg:id>
			<sg:beginLifespanVersion>2019-01-16T11:06:12.3707944</sg:beginLifespanVersion>
			<by:byggnadNummer xsi:nil="true" nilReason="unknown"/>
			<by:byggnadAndamal>
				<by:byggnadAndamalTyp>ekonomibyggnad</by:byggnadAndamalTyp>
			</by:byggnadAndamal>
			<by:byggnadAndamal>
				<by:byggnadAndamalTyp>ospecificerad</by:byggnadAndamalTyp>
			</by:byggnadAndamal>
			<by:status>gällande</by:status>
			<by:byggnadArea>105</by:byggnadArea>
			<by:bestarAv>
				<by:BY_Byggnadsdel gml:id="SE.SGP.BY.654fc38f-7dfc-40f4-913b-084880fbd74a">
					<gml:boundedBy>
						<gml:Envelope srsName="urn:ogc:def:crs:EPSG::3013" srsDimension="2">
							<gml:lowerCorner>6721776.1283 145229.28809999954</gml:lowerCorner>
							<gml:upperCorner>6721783.4975000005 145243.6975999996</gml:upperCorner>
						</gml:Envelope>
					</gml:boundedBy>
					<by:byggnadAndamalDel>
						<by:byggnadAndamalTyp>ekonomibyggnad</by:byggnadAndamalTyp>
					</by:byggnadAndamalDel>
					<by:byggnadAndamalDel>
						<by:byggnadAndamalTyp>ospecificerad</by:byggnadAndamalTyp>
					</by:byggnadAndamalDel>
					<by:statusDel>gällande</by:statusDel>
					<by:heltUnderMark>false</by:heltUnderMark>
					<by:geometriLoD0>
						<by:ytgeometri>
							<gml:Surface gml:id="id-90728211-240a-4207-83af-497404e9f20c-0" srsName="urn:ogc:def:crs:EPSG::3013" srsDimension="3">
								<gml:patches>
									<gml:PolygonPatch>
										<gml:exterior>
											<gml:LinearRing>
												<gml:posList>6721783.4509 145229.28809999954 150.35379999999714 6721783.4975000005 145243.6975999996 150.44490000000224 6721776.200999999 145243.66930000018 150.39310000000114 6721776.1283 145229.30429999996 150.30289999999513 6721783.4509 145229.28809999954 150.35379999999714</gml:posList>
											</gml:LinearRing>
										</gml:exterior>
									</gml:PolygonPatch>
								</gml:patches>
							</gml:Surface>
						</by:ytgeometri>
						<by:geometriMetadata>
							<ge:lagesosakerhetPlan>0.030</ge:lagesosakerhetPlan>
							<ge:lagesosakerhetHojd>0.050</ge:lagesosakerhetHojd>
							<ge:matmetodPlan>geodetisk mätning, GNSS med korrektion</ge:matmetodPlan>
							<ge:matmetodHojd>geodetisk mätning, GNSS med korrektion</ge:matmetodHojd>
							<ge:tidpunktMatning>2017-10-09T15:26:13</ge:tidpunktMatning>
							<ge:utforandeOrganisation>Kommunförvaltning</ge:utforandeOrganisation>
							<ge:HMK_Standardniva xsi:nil="true" nilReason="unknown"/>
							<ge:foljerMatningsanvisning xsi:nil="true" nilReason="unknown"/>
							<ge:aktualitet>2017-10-09T15:26:13</ge:aktualitet>
						</by:geometriMetadata>
						<by:planLageTyp>takkant</by:planLageTyp>
						<by:hojdLageTyp>takfot, generell</by:hojdLageTyp>
					</by:geometriLoD0>
				</by:BY_Byggnadsdel>
			</by:bestarAv>
		</by:BY_Byggnad>
	</by:bestarAv>
	<by:bestarAv>
		<by:BY_Byggnad gml:id="SE.SGP.BY.fcaec68d-fdf5-4360-ad43-c535e22cf647">
			<gml:boundedBy>
				<gml:Envelope srsName="urn:ogc:def:crs:EPSG::3013" srsDimension="2">
					<gml:lowerCorner>6721740.729800001 145500.8262</gml:lowerCorner>
					<gml:upperCorner>6721747.068700001 145509.61510000005</gml:upperCorner>
				</gml:Envelope>
			</gml:boundedBy>
			<sg:id>
				<base:localId>fcaec68d-fdf5-4360-ad43-c535e22cf647</base:localId>
				<base:namespace>SE.SGP.BY</base:namespace>
			</sg:id>
			<sg:beginLifespanVersion>2019-01-16T11:06:12.3729961</sg:beginLifespanVersion>
			<by:byggnadNummer xsi:nil="true" nilReason="unknown"/>
			<by:byggnadAndamal>
				<by:byggnadAndamalTyp>samhällsfunktion</by:byggnadAndamalTyp>
			</by:byggnadAndamal>
			<by:byggnadAndamal>
				<by:byggnadAndamalTyp>teknisk samhällsfunktion</by:byggnadAndamalTyp>
			</by:byggnadAndamal>
			<by:status>gällande</by:status>
			<by:byggnadArea>32</by:byggnadArea>
			<by:bestarAv>
				<by:BY_Byggnadsdel gml:id="SE.SGP.BY.cdb68c82-78c4-4bce-ba37-f6ce9398df04">
					<gml:boundedBy>
						<gml:Envelope srsName="urn:ogc:def:crs:EPSG::3013" srsDimension="2">
							<gml:lowerCorner>6721740.729800001 145500.8262</gml:lowerCorner>
							<gml:upperCorner>6721747.068700001 145509.61510000005</gml:upperCorner>
						</gml:Envelope>
					</gml:boundedBy>
					<by:byggnadAndamalDel>
						<by:byggnadAndamalTyp>samhällsfunktion</by:byggnadAndamalTyp>
					</by:byggnadAndamalDel>
					<by:byggnadAndamalDel>
						<by:byggnadAndamalTyp>teknisk samhällsfunktion</by:byggnadAndamalTyp>
					</by:byggnadAndamalDel>
					<by:statusDel>gällande</by:statusDel>
					<by:heltUnderMark>false</by:heltUnderMark>
					<by:geometriLoD0>
						<by:ytgeometri>
							<gml:Surface gml:id="id-8655912f-1105-4025-b310-0bb22fddfd0c-0" srsName="urn:ogc:def:crs:EPSG::3013" srsDimension="3">
								<gml:patches>
									<gml:PolygonPatch>
										<gml:exterior>
											<gml:LinearRing>
												<gml:posList>6721743.2204 145500.8262 148.92999999999302 6721747.068700001 145502.26740000024 148.96219999999448 6721744.519200001 145509.61510000005 149.32660000000033 6721740.729800001 145508.2463999996 149.4331999999995 6721743.2204 145500.8262 148.92999999999302</gml:posList>
											</gml:LinearRing>
										</gml:exterior>
									</gml:PolygonPatch>
								</gml:patches>
							</gml:Surface>
						</by:ytgeometri>
						<by:geometriMetadata>
							<ge:lagesosakerhetPlan>0.030</ge:lagesosakerhetPlan>
							<ge:lagesosakerhetHojd>0.050</ge:lagesosakerhetHojd>
							<ge:matmetodPlan>geodetisk mätning, GNSS med korrektion</ge:matmetodPlan>
							<ge:matmetodHojd>geodetisk mätning, GNSS med korrektion</ge:matmetodHojd>
							<ge:tidpunktMatning>2018-08-30T08:52:24</ge:tidpunktMatning>
							<ge:utforandeOrganisation>Ingen information</ge:utforandeOrganisation>
							<ge:HMK_Standardniva xsi:nil="true" nilReason="unknown"/>
							<ge:foljerMatningsanvisning xsi:nil="true" nilReason="unknown"/>
							<ge:aktualitet>2018-08-30T08:52:24</ge:aktualitet>
						</by:geometriMetadata>
						<by:planLageTyp>fasad</by:planLageTyp>
						<by:hojdLageTyp>ospecificerat läge</by:hojdLageTyp>
					</by:geometriLoD0>
				</by:BY_Byggnadsdel>
			</by:bestarAv>
		</by:BY_Byggnad>
	</by:bestarAv>
	<by:bestarAv>
		<by:BY_Byggnad gml:id="SE.SGP.BY.5a97ebd5-42b9-49ca-89cc-d8838d679cf8">
			<gml:boundedBy>
				<gml:Envelope srsName="urn:ogc:def:crs:EPSG::3013" srsDimension="2">
					<gml:lowerCorner>6721801.7522 145342.31599999964</gml:lowerCorner>
					<gml:upperCorner>6721805.140000001 145345.64890000038</gml:upperCorner>
				</gml:Envelope>
			</gml:boundedBy>
			<sg:id>
				<base:localId>5a97ebd5-42b9-49ca-89cc-d8838d679cf8</base:localId>
				<base:namespace>SE.SGP.BY</base:namespace>
			</sg:id>
			<sg:beginLifespanVersion>2019-01-16T11:06:12.3761793</sg:beginLifespanVersion>
			<by:byggnadNummer xsi:nil="true" nilReason="unknown"/>
			<by:byggnadAndamal>
				<by:byggnadAndamalTyp>samhällsfunktion</by:byggnadAndamalTyp>
			</by:byggnadAndamal>
			<by:byggnadAndamal>
				<by:byggnadAndamalTyp>teknisk samhällsfunktion</by:byggnadAndamalTyp>
			</by:byggnadAndamal>
			<by:status>gällande</by:status>
			<by:byggnadArea>6</by:byggnadArea>
			<by:bestarAv>
				<by:BY_Byggnadsdel gml:id="SE.SGP.BY.9bc06c09-4a79-4ba8-9fbd-f7aa60732591">
					<gml:boundedBy>
						<gml:Envelope srsName="urn:ogc:def:crs:EPSG::3013" srsDimension="2">
							<gml:lowerCorner>6721801.7522 145342.31599999964</gml:lowerCorner>
							<gml:upperCorner>6721805.140000001 145345.64890000038</gml:upperCorner>
						</gml:Envelope>
					</gml:boundedBy>
					<by:byggnadAndamalDel>
						<by:byggnadAndamalTyp>samhällsfunktion</by:byggnadAndamalTyp>
					</by:byggnadAndamalDel>
					<by:byggnadAndamalDel>
						<by:byggnadAndamalTyp>teknisk samhällsfunktion</by:byggnadAndamalTyp>
					</by:byggnadAndamalDel>
					<by:statusDel>gällande</by:statusDel>
					<by:heltUnderMark>false</by:heltUnderMark>
					<by:geometriLoD0>
						<by:ytgeometri>
							<gml:Surface gml:id="id-e1128ee4-9b0f-4677-a326-1ae31cd84946-0" srsName="urn:ogc:def:crs:EPSG::3013" srsDimension="3">
								<gml:patches>
									<gml:PolygonPatch>
										<gml:exterior>
											<gml:LinearRing>
												<gml:posList>6721802.7719 145342.31599999964 147.41449999999895 6721805.140000001 145343.38049999997 147.4164000000019 6721804.1204 145345.64890000038 147.5185000000056 6721801.7522 145344.58440000005 147.45279999999912 6721802.7719 145342.31599999964 147.41449999999895</gml:posList>
											</gml:LinearRing>
										</gml:exterior>
									</gml:PolygonPatch>
								</gml:patches>
							</gml:Surface>
						</by:ytgeometri>
						<by:geometriMetadata>
							<ge:lagesosakerhetPlan>50.000</ge:lagesosakerhetPlan>
							<ge:lagesosakerhetHojd>10.000</ge:lagesosakerhetHojd>
							<ge:tidpunktMatning>2018-06-26T16:58:59</ge:tidpunktMatning>
							<ge:utforandeOrganisation>Ingen information</ge:utforandeOrganisation>
							<ge:HMK_Standardniva xsi:nil="true" nilReason="unknown"/>
							<ge:foljerMatningsanvisning xsi:nil="true" nilReason="unknown"/>
							<ge:aktualitet>2018-06-26T16:58:59</ge:aktualitet>
						</by:geometriMetadata>
						<by:planLageTyp>fasad</by:planLageTyp>
						<by:hojdLageTyp>ospecificerat läge</by:hojdLageTyp>
					</by:geometriLoD0>
				</by:BY_Byggnadsdel>
			</by:bestarAv>
		</by:BY_Byggnad>
	</by:bestarAv>
	<by:bestarAv>
		<by:BY_Byggnad gml:id="SE.SGP.BY.57559e56-b72a-4bc6-8c53-1297f58589b4">
			<gml:boundedBy>
				<gml:Envelope srsName="urn:ogc:def:crs:EPSG::3013" srsDimension="2">
					<gml:lowerCorner>6721787.851500001 145219.21899999958</gml:lowerCorner>
					<gml:upperCorner>6721790.9782 145222.06049999967</gml:upperCorner>
				</gml:Envelope>
			</gml:boundedBy>
			<sg:id>
				<base:localId>57559e56-b72a-4bc6-8c53-1297f58589b4</base:localId>
				<base:namespace>SE.SGP.BY</base:namespace>
			</sg:id>
			<sg:beginLifespanVersion>2019-01-16T11:06:12.3788657</sg:beginLifespanVersion>
			<by:byggnadNummer xsi:nil="true" nilReason="unknown"/>
			<by:byggnadAndamal>
				<by:byggnadAndamalTyp>ekonomibyggnad</by:byggnadAndamalTyp>
			</by:byggnadAndamal>
			<by:byggnadAndamal>
				<by:byggnadAndamalTyp>silo</by:byggnadAndamalTyp>
			</by:byggnadAndamal>
			<by:status>gällande</by:status>
			<by:byggnadArea>4</by:byggnadArea>
			<by:bestarAv>
				<by:BY_Byggnadsdel gml:id="SE.SGP.BY.44b818fc-ddf1-4173-801d-8e93881093f5">
					<gml:boundedBy>
						<gml:Envelope srsName="urn:ogc:def:crs:EPSG::3013" srsDimension="2">
							<gml:lowerCorner>6721787.851500001 145219.21899999958</gml:lowerCorner>
							<gml:upperCorner>6721790.9782 145222.06049999967</gml:upperCorner>
						</gml:Envelope>
					</gml:boundedBy>
					<by:byggnadAndamalDel>
						<by:byggnadAndamalTyp>ekonomibyggnad</by:byggnadAndamalTyp>
					</by:byggnadAndamalDel>
					<by:byggnadAndamalDel>
						<by:byggnadAndamalTyp>silo</by:byggnadAndamalTyp>
					</by:byggnadAndamalDel>
					<by:statusDel>gällande</by:statusDel>
					<by:heltUnderMark>false</by:heltUnderMark>
					<by:geometriLoD0>
						<by:ytgeometri>
							<gml:Surface gml:id="id-ad88e43f-2480-43e7-a9f1-77a35537d499-0" srsName="urn:ogc:def:crs:EPSG::3013" srsDimension="3">
								<gml:patches>
									<gml:PolygonPatch>
										<gml:exterior>
											<gml:LinearRing>
												<gml:posList>6721788.589199999 145219.21899999958 146.28209999999672 6721790.9782 145221.08910000045 146.20780000000377 6721790.226399999 145222.06049999967 146.23110000000452 6721787.851500001 145220.12789999973 146.2676999999967 6721788.589199999 145219.21899999958 146.28209999999672</gml:posList>
											</gml:LinearRing>
										</gml:exterior>
									</gml:PolygonPatch>
								</gml:patches>
							</gml:Surface>
						</by:ytgeometri>
						<by:geometriMetadata>
							<ge:lagesosakerhetPlan>0.050</ge:lagesosakerhetPlan>
							<ge:lagesosakerhetHojd>0.050</ge:lagesosakerhetHojd>
							<ge:matmetodPlan>geodetisk mätning, GNSS med korrektion</ge:matmetodPlan>
							<ge:matmetodHojd>geodetisk mätning, GNSS med korrektion</ge:matmetodHojd>
							<ge:tidpunktMatning>2017-08-11T13:21:50</ge:tidpunktMatning>
							<ge:utforandeOrganisation>Ingen information</ge:utforandeOrganisation>
							<ge:HMK_Standardniva xsi:nil="true" nilReason="unknown"/>
							<ge:foljerMatningsanvisning xsi:nil="true" nilReason="unknown"/>
							<ge:aktualitet>2017-08-11T13:21:50</ge:aktualitet>
						</by:geometriMetadata>
						<by:planLageTyp>fasad</by:planLageTyp>
						<by:hojdLageTyp>ospecificerat läge</by:hojdLageTyp>
					</by:geometriLoD0>
				</by:BY_Byggnadsdel>
			</by:bestarAv>
		</by:BY_Byggnad>
	</by:bestarAv>
</by:BY_ByggnadDatamangd>
