﻿<?xml version="1.0" encoding="UTF-8"?>
<ho:HO_HojdDjupPunkterDatamangd xmlns:xsi="http://www.w3.org/2001/XMLSchema-instance" xmlns:xlink="http://www.w3.org/1999/xlink" xmlns:sgk="http://namespace.lantmateriet.se/svenskgeoprocess/base/sgk/3.5" xmlns:sg="http://namespace.lantmateriet.se/svenskgeoprocess/base/sg/3.2" xmlns:hm="http://namespace.lantmateriet.se/svenskgeoprocess/hm/3.2" xmlns:ho="http://namespace.lantmateriet.se/svenskgeoprocess/ho/3.2" xmlns:gts="http://www.isotc211.org/2005/gts" xmlns:gss="http://www.isotc211.org/2005/gss" xmlns:gn="http://inspire.ec.europa.eu/schemas/gn/4.0" xmlns:gmd="http://www.isotc211.org/2005/gmd" xmlns:hh="http://namespace.lantmateriet.se/svenskgeoprocess/base/hh/3.2" xmlns:gco="http://www.isotc211.org/2005/gco" xmlns:gml="http://www.opengis.net/gml/3.2" xmlns:el-vec="http://inspire.ec.europa.eu/schemas/el-vec/4.0" xmlns:el-bas="http://inspire.ec.europa.eu/schemas/el-bas/4.0" xmlns:bu-base="http://inspire.ec.europa.eu/schemas/bu-base/4.0" xmlns:gsr="http://www.isotc211.org/2005/gsr" xmlns:base2="http://inspire.ec.europa.eu/schemas/base2/2.0" xmlns:base="http://inspire.ec.europa.eu/schemas/base/3.3" xmlns:ad="http://inspire.ec.europa.eu/schemas/ad/4.0" gml:id="SE.SGP.HO.85a6b250-f497-47c5-8dc0-5916f0112f9f" xsi:schemaLocation="http://namespace.lantmateriet.se/svenskgeoprocess/ho/3.2 http://namespace.lantmateriet.se/svenskgeoprocess/ho/3.2/HO_HojdDjupPunkter.xsd">
	<gml:boundedBy>
		<gml:Envelope srsName="urn:ogc:def:crs:EPSG::3013" srsDimension="2">
			<gml:lowerCorner>6721691.1263 145234.62009999994</gml:lowerCorner>
			<gml:upperCorner>6721867.689300001 145434.54619999975</gml:upperCorner>
		</gml:Envelope>
	</gml:boundedBy>
	<sg:id>
		<base:Identifier>
			<base:localId>85a6b250-f497-47c5-8dc0-5916f0112f9f</base:localId>
			<base:namespace>SE.SGP.HO</base:namespace>
		</base:Identifier>
	</sg:id>
	<sg:uttagDatum>2019-01-16T11:07:23.8808646</sg:uttagDatum>
	<sg:metadata xsi:nil="true" nilReason="unknown"/>
	<sg:koordinatsystemPlan>EPSG:3013</sg:koordinatsystemPlan>
	<sg:hojdsystem>EPSG:5613</sg:hojdsystem>
	<sg:dimension>3</sg:dimension>
	<ho:geometri>
		<gml:MultiSurface gml:id="id-5fddd354-82ae-4ea6-9981-f6f5a2ca106d-0" srsName="urn:ogc:def:crs:EPSG::3013" srsDimension="2">
			<gml:surfaceMember>
				<gml:Surface gml:id="id-5fddd354-82ae-4ea6-9981-f6f5a2ca106d-1">
					<gml:patches>
						<gml:PolygonPatch>
							<gml:exterior>
								<gml:LinearRing>
									<gml:posList>6721691.1263 145234.62009999994 6721691.1263 145434.54619999975 6721867.689300001 145434.54619999975 6721867.689300001 145234.62009999994 6721691.1263 145234.62009999994</gml:posList>
								</gml:LinearRing>
							</gml:exterior>
						</gml:PolygonPatch>
					</gml:patches>
				</gml:Surface>
			</gml:surfaceMember>
		</gml:MultiSurface>
	</ho:geometri>
	<ho:hojdDjupPunkt>
		<ho:HO_LaserPunkt gml:id="SE.SGP.HO.38d90616-4f51-444a-9b96-06ea3565dcfd">
			<gml:boundedBy>
				<gml:Envelope srsName="urn:ogc:def:crs:EPSG::3013" srsDimension="2">
					<gml:lowerCorner>6721863.893100001 145288.7268000003</gml:lowerCorner>
					<gml:upperCorner>6721863.893100001 145288.7268000003</gml:upperCorner>
				</gml:Envelope>
			</gml:boundedBy>
			<el-vec:beginLifespanVersion>2019-01-16T11:07:23.7565234</el-vec:beginLifespanVersion>
			<el-vec:endLifespanVersion xsi:nil="true" nilReason="inapplicable"/>
			<el-vec:propertyType>height</el-vec:propertyType>
			<el-vec:classification xlink:href="http://inspire.ec.europa.eu/codeList/SpotElevationClassValue/2" xlink:title="Ground"/>
			<el-vec:geometry>
				<gml:Point gml:id="id-bd019645-97fc-4139-a132-d09f4767abce-0" srsName="urn:ogc:def:crs:EPSG::3013" srsDimension="3">
					<gml:pos>6721863.893100001 145288.7268000003 147.5</gml:pos>
				</gml:Point>
			</el-vec:geometry>
			<el-vec:propertyValue>147.500</el-vec:propertyValue>
			<el-vec:spotElevationType xlink:href="http://inspire.ec.europa.eu/codelist/SpotElevationTypeValue/generic" xlink:title="generisk"/>
			<ho:punktId>
				<base:Identifier>
					<base:localId>38d90616-4f51-444a-9b96-06ea3565dcfd</base:localId>
					<base:namespace>SE.SGP.HO</base:namespace>
				</base:Identifier>
			</ho:punktId>
			<ho:insamlingDatum>2014-09-08</ho:insamlingDatum>
			<ho:insamlingMetod>flygburen laserskanning</ho:insamlingMetod>
			<ho:lagesosakerhetHojd>0.100</ho:lagesosakerhetHojd>
			<ho:GPSTime xsi:nil="true" nilReason="unknown"/>
			<ho:returnNumber xsi:nil="true" nilReason="unknown"/>
			<ho:numberOfReturns xsi:nil="true" nilReason="unknown"/>
			<ho:scanDirectionFlag xsi:nil="true" nilReason="unknown"/>
			<ho:edgeOfFlightLine xsi:nil="true" nilReason="unknown"/>
			<ho:scanAngleRank xsi:nil="true" nilReason="unknown"/>
			<ho:pointSourceId xsi:nil="true" nilReason="unknown"/>
		</ho:HO_LaserPunkt>
	</ho:hojdDjupPunkt>
	<ho:hojdDjupPunkt>
		<ho:HO_LaserPunkt gml:id="SE.SGP.HO.59492ceb-7425-4459-800e-2ab12af9ce87">
			<gml:boundedBy>
				<gml:Envelope srsName="urn:ogc:def:crs:EPSG::3013" srsDimension="2">
					<gml:lowerCorner>6721867.689300001 145385.0917999996</gml:lowerCorner>
					<gml:upperCorner>6721867.689300001 145385.0917999996</gml:upperCorner>
				</gml:Envelope>
			</gml:boundedBy>
			<el-vec:beginLifespanVersion>2019-01-16T11:07:23.8677502</el-vec:beginLifespanVersion>
			<el-vec:endLifespanVersion xsi:nil="true" nilReason="inapplicable"/>
			<el-vec:propertyType>height</el-vec:propertyType>
			<el-vec:classification xlink:href="http://inspire.ec.europa.eu/codeList/SpotElevationClassValue/2" xlink:title="Ground"/>
			<el-vec:geometry>
				<gml:Point gml:id="id-be3ee56c-9277-465d-b674-660da06de341-0" srsName="urn:ogc:def:crs:EPSG::3013" srsDimension="3">
					<gml:pos>6721867.689300001 145385.0917999996 150.1999999999971</gml:pos>
				</gml:Point>
			</el-vec:geometry>
			<el-vec:propertyValue>150.200</el-vec:propertyValue>
			<el-vec:spotElevationType xlink:href="http://inspire.ec.europa.eu/codelist/SpotElevationTypeValue/generic" xlink:title="generisk"/>
			<ho:punktId>
				<base:Identifier>
					<base:localId>59492ceb-7425-4459-800e-2ab12af9ce87</base:localId>
					<base:namespace>SE.SGP.HO</base:namespace>
				</base:Identifier>
			</ho:punktId>
			<ho:insamlingDatum>2014-09-08</ho:insamlingDatum>
			<ho:insamlingMetod>flygburen laserskanning</ho:insamlingMetod>
			<ho:lagesosakerhetHojd>0.100</ho:lagesosakerhetHojd>
			<ho:GPSTime xsi:nil="true" nilReason="unknown"/>
			<ho:returnNumber xsi:nil="true" nilReason="unknown"/>
			<ho:numberOfReturns xsi:nil="true" nilReason="unknown"/>
			<ho:scanDirectionFlag xsi:nil="true" nilReason="unknown"/>
			<ho:edgeOfFlightLine xsi:nil="true" nilReason="unknown"/>
			<ho:scanAngleRank xsi:nil="true" nilReason="unknown"/>
			<ho:pointSourceId xsi:nil="true" nilReason="unknown"/>
		</ho:HO_LaserPunkt>
	</ho:hojdDjupPunkt>
	<ho:hojdDjupPunkt>
		<ho:HO_LaserPunkt gml:id="SE.SGP.HO.ec6b8151-fb35-42ef-a7d4-15c3ab15e674">
			<gml:boundedBy>
				<gml:Envelope srsName="urn:ogc:def:crs:EPSG::3013" srsDimension="2">
					<gml:lowerCorner>6721852.309699999 145434.54619999975</gml:lowerCorner>
					<gml:upperCorner>6721852.309699999 145434.54619999975</gml:upperCorner>
				</gml:Envelope>
			</gml:boundedBy>
			<el-vec:beginLifespanVersion>2019-01-16T11:07:23.8699266</el-vec:beginLifespanVersion>
			<el-vec:endLifespanVersion xsi:nil="true" nilReason="inapplicable"/>
			<el-vec:propertyType>height</el-vec:propertyType>
			<el-vec:classification xlink:href="http://inspire.ec.europa.eu/codeList/SpotElevationClassValue/2" xlink:title="Ground"/>
			<el-vec:geometry>
				<gml:Point gml:id="id-e4f06e50-939c-40dc-8292-c94f9b20a866-0" srsName="urn:ogc:def:crs:EPSG::3013" srsDimension="3">
					<gml:pos>6721852.309699999 145434.54619999975 150.6999999999971</gml:pos>
				</gml:Point>
			</el-vec:geometry>
			<el-vec:propertyValue>150.700</el-vec:propertyValue>
			<el-vec:spotElevationType xlink:href="http://inspire.ec.europa.eu/codelist/SpotElevationTypeValue/generic" xlink:title="generisk"/>
			<ho:punktId>
				<base:Identifier>
					<base:localId>ec6b8151-fb35-42ef-a7d4-15c3ab15e674</base:localId>
					<base:namespace>SE.SGP.HO</base:namespace>
				</base:Identifier>
			</ho:punktId>
			<ho:insamlingDatum>2014-09-08</ho:insamlingDatum>
			<ho:insamlingMetod>flygburen laserskanning</ho:insamlingMetod>
			<ho:lagesosakerhetHojd>0.100</ho:lagesosakerhetHojd>
			<ho:GPSTime xsi:nil="true" nilReason="unknown"/>
			<ho:returnNumber xsi:nil="true" nilReason="unknown"/>
			<ho:numberOfReturns xsi:nil="true" nilReason="unknown"/>
			<ho:scanDirectionFlag xsi:nil="true" nilReason="unknown"/>
			<ho:edgeOfFlightLine xsi:nil="true" nilReason="unknown"/>
			<ho:scanAngleRank xsi:nil="true" nilReason="unknown"/>
			<ho:pointSourceId xsi:nil="true" nilReason="unknown"/>
		</ho:HO_LaserPunkt>
	</ho:hojdDjupPunkt>
	<ho:hojdDjupPunkt>
		<ho:HO_LaserPunkt gml:id="SE.SGP.HO.25e02c80-8b95-450a-ab55-e17ae1b9f9a3">
			<gml:boundedBy>
				<gml:Envelope srsName="urn:ogc:def:crs:EPSG::3013" srsDimension="2">
					<gml:lowerCorner>6721691.1263 145239.5049999999</gml:lowerCorner>
					<gml:upperCorner>6721691.1263 145239.5049999999</gml:upperCorner>
				</gml:Envelope>
			</gml:boundedBy>
			<el-vec:beginLifespanVersion>2019-01-16T11:07:23.8712864</el-vec:beginLifespanVersion>
			<el-vec:endLifespanVersion xsi:nil="true" nilReason="inapplicable"/>
			<el-vec:propertyType>height</el-vec:propertyType>
			<el-vec:classification xlink:href="http://inspire.ec.europa.eu/codeList/SpotElevationClassValue/2" xlink:title="Ground"/>
			<el-vec:geometry>
				<gml:Point gml:id="id-d3637dc1-c49f-4e49-a13f-9a8d494741bb-0" srsName="urn:ogc:def:crs:EPSG::3013" srsDimension="3">
					<gml:pos>6721691.1263 145239.5049999999 146.3000000000029</gml:pos>
				</gml:Point>
			</el-vec:geometry>
			<el-vec:propertyValue>146.300</el-vec:propertyValue>
			<el-vec:spotElevationType xlink:href="http://inspire.ec.europa.eu/codelist/SpotElevationTypeValue/generic" xlink:title="generisk"/>
			<ho:punktId>
				<base:Identifier>
					<base:localId>25e02c80-8b95-450a-ab55-e17ae1b9f9a3</base:localId>
					<base:namespace>SE.SGP.HO</base:namespace>
				</base:Identifier>
			</ho:punktId>
			<ho:insamlingDatum>2014-09-08</ho:insamlingDatum>
			<ho:insamlingMetod>flygburen laserskanning</ho:insamlingMetod>
			<ho:lagesosakerhetHojd>0.100</ho:lagesosakerhetHojd>
			<ho:GPSTime xsi:nil="true" nilReason="unknown"/>
			<ho:returnNumber xsi:nil="true" nilReason="unknown"/>
			<ho:numberOfReturns xsi:nil="true" nilReason="unknown"/>
			<ho:scanDirectionFlag xsi:nil="true" nilReason="unknown"/>
			<ho:edgeOfFlightLine xsi:nil="true" nilReason="unknown"/>
			<ho:scanAngleRank xsi:nil="true" nilReason="unknown"/>
			<ho:pointSourceId xsi:nil="true" nilReason="unknown"/>
		</ho:HO_LaserPunkt>
	</ho:hojdDjupPunkt>
	<ho:hojdDjupPunkt>
		<ho:HO_AnnanHojdDjupPunkt gml:id="SE.SGP.HO.0c8141d0-596a-4709-9745-e7f4f532cb58">
			<gml:boundedBy>
				<gml:Envelope srsName="urn:ogc:def:crs:EPSG::3013" srsDimension="2">
					<gml:lowerCorner>6721796.4640999995 145369.31429999974</gml:lowerCorner>
					<gml:upperCorner>6721796.4640999995 145369.31429999974</gml:upperCorner>
				</gml:Envelope>
			</gml:boundedBy>
			<el-vec:beginLifespanVersion>2019-01-16T11:07:23.8724966</el-vec:beginLifespanVersion>
			<el-vec:endLifespanVersion xsi:nil="true" nilReason="inapplicable"/>
			<el-vec:propertyType>height</el-vec:propertyType>
			<el-vec:classification xlink:href="http://inspire.ec.europa.eu/codeList/SpotElevationClassValue/2" xlink:title="Ground"/>
			<el-vec:geometry>
				<gml:Point gml:id="id-28d3665c-bfc3-4143-b1e5-2220c8190572-0" srsName="urn:ogc:def:crs:EPSG::3013" srsDimension="3">
					<gml:pos>6721796.4640999995 145369.31429999974 148.2899999999936</gml:pos>
				</gml:Point>
			</el-vec:geometry>
			<el-vec:propertyValue>148.290</el-vec:propertyValue>
			<el-vec:spotElevationType xlink:href="http://inspire.ec.europa.eu/codelist/SpotElevationTypeValue/generic" xlink:title="generisk"/>
			<ho:punktId>
				<base:Identifier>
					<base:localId>0c8141d0-596a-4709-9745-e7f4f532cb58</base:localId>
					<base:namespace>SE.SGP.HO</base:namespace>
				</base:Identifier>
			</ho:punktId>
			<ho:insamlingDatum>2017-11-20</ho:insamlingDatum>
			<ho:insamlingMetod>geodetisk mätning, GNSS</ho:insamlingMetod>
			<ho:lagesosakerhetHojd>0.050</ho:lagesosakerhetHojd>
		</ho:HO_AnnanHojdDjupPunkt>
	</ho:hojdDjupPunkt>
	<ho:hojdDjupPunkt>
		<ho:HO_AnnanHojdDjupPunkt gml:id="SE.SGP.HO.d9ae1b50-d3ff-46bc-8283-e2a92e56ef32">
			<gml:boundedBy>
				<gml:Envelope srsName="urn:ogc:def:crs:EPSG::3013" srsDimension="2">
					<gml:lowerCorner>6721820.694599999 145234.62009999994</gml:lowerCorner>
					<gml:upperCorner>6721820.694599999 145234.62009999994</gml:upperCorner>
				</gml:Envelope>
			</gml:boundedBy>
			<el-vec:beginLifespanVersion>2019-01-16T11:07:23.8747794</el-vec:beginLifespanVersion>
			<el-vec:endLifespanVersion xsi:nil="true" nilReason="inapplicable"/>
			<el-vec:propertyType>height</el-vec:propertyType>
			<el-vec:classification xlink:href="http://inspire.ec.europa.eu/codeList/SpotElevationClassValue/2" xlink:title="Ground"/>
			<el-vec:geometry>
				<gml:Point gml:id="id-5a66193c-e4c9-4dd2-a3ab-f15b96465a45-0" srsName="urn:ogc:def:crs:EPSG::3013" srsDimension="3">
					<gml:pos>6721820.694599999 145234.62009999994 146.38899999999558</gml:pos>
				</gml:Point>
			</el-vec:geometry>
			<el-vec:propertyValue>146.390</el-vec:propertyValue>
			<el-vec:spotElevationType xlink:href="http://inspire.ec.europa.eu/codelist/SpotElevationTypeValue/generic" xlink:title="generisk"/>
			<ho:punktId>
				<base:Identifier>
					<base:localId>d9ae1b50-d3ff-46bc-8283-e2a92e56ef32</base:localId>
					<base:namespace>SE.SGP.HO</base:namespace>
				</base:Identifier>
			</ho:punktId>
			<ho:insamlingDatum>2017-11-20</ho:insamlingDatum>
			<ho:insamlingMetod>geodetisk mätning, GNSS</ho:insamlingMetod>
			<ho:lagesosakerhetHojd>0.050</ho:lagesosakerhetHojd>
		</ho:HO_AnnanHojdDjupPunkt>
	</ho:hojdDjupPunkt>
</ho:HO_HojdDjupPunkterDatamangd>
