﻿<?xml version="1.0" encoding="UTF-8"?>
<vt:VT_VattenDatamangd xmlns:xlink="http://www.w3.org/1999/xlink" xmlns:vt="http://namespace.lantmateriet.se/svenskgeoprocess/vt/3.1" xmlns:sr="http://inspire.ec.europa.eu/schemas/sr/4.0" xmlns:sgk="http://namespace.lantmateriet.se/svenskgeoprocess/base/sgk/3.5" xmlns:sg="http://namespace.lantmateriet.se/svenskgeoprocess/base/sg/3.2" xmlns:omor="http://inspire.ec.europa.eu/schemas/omor/3.0" xmlns:omop="http://inspire.ec.europa.eu/schemas/omop/3.0" xmlns:om="http://www.opengis.net/om/2.0" xmlns:net="http://inspire.ec.europa.eu/schemas/net/4.0" xmlns:hy="http://inspire.ec.europa.eu/schemas/hy/4.0" xmlns:hy-n="http://inspire.ec.europa.eu/schemas/hy-n/4.0" xmlns:gts="http://www.isotc211.org/2005/gts" xmlns:gss="http://www.isotc211.org/2005/gss" xmlns:gn="http://inspire.ec.europa.eu/schemas/gn/4.0" xmlns:gmd="http://www.isotc211.org/2005/gmd" xmlns:xsi="http://www.w3.org/2001/XMLSchema-instance" xmlns:ge="http://namespace.lantmateriet.se/svenskgeoprocess/base/ge/3.2" xmlns:gco="http://www.isotc211.org/2005/gco" xmlns:gml="http://www.opengis.net/gml/3.2" xmlns:bu-base="http://inspire.ec.europa.eu/schemas/bu-base/4.0" xmlns:gsr="http://www.isotc211.org/2005/gsr" xmlns:base2="http://inspire.ec.europa.eu/schemas/base2/2.0" xmlns:base="http://inspire.ec.europa.eu/schemas/base/3.3" xmlns:ad="http://inspire.ec.europa.eu/schemas/ad/4.0" xmlns:hy-p="http://inspire.ec.europa.eu/schemas/hy-p/4.0" gml:id="SE.SGP.VT.feac030b-e012-4057-a12d-af944f4fcb98" xsi:schemaLocation="http://namespace.lantmateriet.se/svenskgeoprocess/vt/3.1 http://namespace.lantmateriet.se/svenskgeoprocess/vt/3.1/VT_Vatten.xsd">
	<gml:boundedBy>
		<gml:Envelope srsName="urn:ogc:def:crs:EPSG::3008" srsDimension="2">
			<gml:lowerCorner>6583638.103499999 150208.49930000026</gml:lowerCorner>
			<gml:upperCorner>6584096.529999999 150833.77979999967</gml:upperCorner>
		</gml:Envelope>
	</gml:boundedBy>
	<sg:id>
		<base:Identifier>
			<base:localId>feac030b-e012-4057-a12d-af944f4fcb98</base:localId>
			<base:namespace>SE.SGP.VT</base:namespace>
		</base:Identifier>
	</sg:id>
	<sg:uttagDatum>2019-05-07T07:48:44.9655252</sg:uttagDatum>
	<sg:metadata xsi:nil="true" nilReason="unknown"/>
	<sg:koordinatsystemPlan>EPSG:3008</sg:koordinatsystemPlan>
	<sg:hojdsystem>EPSG:5613</sg:hojdsystem>
	<sg:dimension>3</sg:dimension>
	<vt:stillastaendeVatten>
		<vt:VT_StillastaendeVatten gml:id="SE.SGP.VT.de5b9307-603a-42a9-96e5-6d179a6c2924">
			<gml:boundedBy>
				<gml:Envelope srsName="urn:ogc:def:crs:EPSG::3008" srsDimension="2">
					<gml:lowerCorner>6583967.52 150324.75439999998</gml:lowerCorner>
					<gml:upperCorner>6584079.0174 150434.98209999967</gml:upperCorner>
				</gml:Envelope>
			</gml:boundedBy>
			<hy-p:beginLifespanVersion>2019-05-07T07:48:44.4042266</hy-p:beginLifespanVersion>
			<hy-p:geometry>
				<gml:Surface gml:id="id-18d13508-fd75-4dcb-b4ae-7a2c840518a6-0" srsName="urn:ogc:def:crs:EPSG::3008" srsDimension="3">
					<gml:patches>
						<gml:PolygonPatch>
							<gml:exterior>
								<gml:LinearRing>
									<gml:posList>6584013.5941 150434.98209999967 0 6583967.52 150384.21030000038 0 6583968.6678 150383.17870000005 0 6584033.678400001 150324.75439999998 0 6584079.0174 150374.71619999968 0 6584013.5941 150434.98209999967 0</gml:posList>
								</gml:LinearRing>
							</gml:exterior>
						</gml:PolygonPatch>
					</gml:patches>
				</gml:Surface>
			</hy-p:geometry>
			<hy-p:inspireId>
				<base:Identifier>
					<base:localId>de5b9307-603a-42a9-96e5-6d179a6c2924</base:localId>
					<base:namespace>SE.SGP.VT</base:namespace>
				</base:Identifier>
			</hy-p:inspireId>
			<hy-p:origin xsi:nil="true" nilReason="unknown"/>
			<hy-p:persistence xsi:nil="true" nilReason="unknown"/>
			<hy-p:tidal xsi:nil="true" nilReason="inapplicable"/>
			<hy-p:drainsBasin xsi:nil="true" nilReason="unknown"/>
			<hy-p:elevation uom="m" xsi:nil="true" nilReason="unknown"/>
			<hy-p:meanDepth uom="m" xsi:nil="true" nilReason="unknown"/>
			<hy-p:surfaceArea uom="m" xsi:nil="true" nilReason="unknown"/>
			<vt:vattenTyp>sjö</vt:vattenTyp>
		</vt:VT_StillastaendeVatten>
	</vt:stillastaendeVatten>
	<vt:stillastaendeVatten>
		<vt:VT_StillastaendeVatten gml:id="SE.SGP.VT.3c4ff990-d678-413e-8c8d-5f6ce340d1ff">
			<gml:boundedBy>
				<gml:Envelope srsName="urn:ogc:def:crs:EPSG::3008" srsDimension="2">
					<gml:lowerCorner>6583894.2609 150793.0904000001</gml:lowerCorner>
					<gml:upperCorner>6583923.335000001 150819.5148</gml:upperCorner>
				</gml:Envelope>
			</gml:boundedBy>
			<hy-p:beginLifespanVersion>2019-05-07T07:48:44.6572666</hy-p:beginLifespanVersion>
			<hy-p:geometry>
				<gml:Surface gml:id="id-e3151c03-b065-4d8f-aacd-62d81fdc0a12-0" srsName="urn:ogc:def:crs:EPSG::3008" srsDimension="3">
					<gml:patches>
						<gml:PolygonPatch>
							<gml:exterior>
								<gml:LinearRing>
									<gml:posList>6583912.6647 150819.5148 0 6583894.2609 150804.27159999963 0 6583903.3016 150795.80680000037 0 6583905.6504999995 150793.0904000001 0 6583923.335000001 150807.8080000002 0 6583912.6647 150819.5148 0</gml:posList>
								</gml:LinearRing>
							</gml:exterior>
						</gml:PolygonPatch>
					</gml:patches>
				</gml:Surface>
			</hy-p:geometry>
			<hy-p:inspireId>
				<base:Identifier>
					<base:localId>3c4ff990-d678-413e-8c8d-5f6ce340d1ff</base:localId>
					<base:namespace>SE.SGP.VT</base:namespace>
				</base:Identifier>
			</hy-p:inspireId>
			<hy-p:origin xsi:nil="true" nilReason="unknown"/>
			<hy-p:persistence xsi:nil="true" nilReason="unknown"/>
			<hy-p:tidal xsi:nil="true" nilReason="inapplicable"/>
			<hy-p:drainsBasin xsi:nil="true" nilReason="unknown"/>
			<hy-p:elevation uom="m" xsi:nil="true" nilReason="unknown"/>
			<hy-p:meanDepth uom="m" xsi:nil="true" nilReason="unknown"/>
			<hy-p:surfaceArea uom="m" xsi:nil="true" nilReason="unknown"/>
			<vt:vattenTyp>sjö</vt:vattenTyp>
		</vt:VT_StillastaendeVatten>
	</vt:stillastaendeVatten>
	<vt:stillastaendeVatten>
		<vt:VT_StillastaendeVatten gml:id="SE.SGP.VT.788c8a53-80f7-45fb-8126-5d95a2b271ad">
			<gml:boundedBy>
				<gml:Envelope srsName="urn:ogc:def:crs:EPSG::3008" srsDimension="2">
					<gml:lowerCorner>6583880.4834 150804.27159999963</gml:lowerCorner>
					<gml:upperCorner>6583912.6647 150833.77979999967</gml:upperCorner>
				</gml:Envelope>
			</gml:boundedBy>
			<hy-p:beginLifespanVersion>2019-05-07T07:48:44.6607421</hy-p:beginLifespanVersion>
			<hy-p:geometry>
				<gml:Surface gml:id="id-ceb631a9-1535-4a29-981d-25473223f9a4-0" srsName="urn:ogc:def:crs:EPSG::3008" srsDimension="3">
					<gml:patches>
						<gml:PolygonPatch>
							<gml:exterior>
								<gml:LinearRing>
									<gml:posList>6583898.533500001 150833.77979999967 0 6583880.4834 150818.82959999982 0 6583888.7498 150810.0706000002 0 6583894.2609 150804.27159999963 0 6583912.6647 150819.5148 0 6583907.0262 150825.18989999965 0 6583898.533500001 150833.77979999967 0</gml:posList>
								</gml:LinearRing>
							</gml:exterior>
						</gml:PolygonPatch>
					</gml:patches>
				</gml:Surface>
			</hy-p:geometry>
			<hy-p:inspireId>
				<base:Identifier>
					<base:localId>788c8a53-80f7-45fb-8126-5d95a2b271ad</base:localId>
					<base:namespace>SE.SGP.VT</base:namespace>
				</base:Identifier>
			</hy-p:inspireId>
			<hy-p:origin xsi:nil="true" nilReason="unknown"/>
			<hy-p:persistence xsi:nil="true" nilReason="unknown"/>
			<hy-p:tidal xsi:nil="true" nilReason="inapplicable"/>
			<hy-p:drainsBasin xsi:nil="true" nilReason="unknown"/>
			<hy-p:elevation uom="m" xsi:nil="true" nilReason="unknown"/>
			<hy-p:meanDepth uom="m" xsi:nil="true" nilReason="unknown"/>
			<hy-p:surfaceArea uom="m" xsi:nil="true" nilReason="unknown"/>
			<vt:vattenTyp>sjö</vt:vattenTyp>
		</vt:VT_StillastaendeVatten>
	</vt:stillastaendeVatten>
	<vt:stillastaendeVatten>
		<vt:VT_StillastaendeVatten gml:id="SE.SGP.VT.b6293350-a7f3-4179-b84b-f06ea146d508">
			<gml:boundedBy>
				<gml:Envelope srsName="urn:ogc:def:crs:EPSG::3008" srsDimension="2">
					<gml:lowerCorner>6583905.6504999995 150776.55530000012</gml:lowerCorner>
					<gml:upperCorner>6583938.0392 150807.8080000002</gml:upperCorner>
				</gml:Envelope>
			</gml:boundedBy>
			<hy-p:beginLifespanVersion>2019-05-07T07:48:44.6646729</hy-p:beginLifespanVersion>
			<hy-p:geometry>
				<gml:Surface gml:id="id-afb0066b-3cc1-4a60-9229-5ce6663044eb-0" srsName="urn:ogc:def:crs:EPSG::3008" srsDimension="3">
					<gml:patches>
						<gml:PolygonPatch>
							<gml:exterior>
								<gml:LinearRing>
									<gml:posList>6583923.335000001 150807.8080000002 0 6583905.6504999995 150793.0904000001 0 6583909.141799999 150789.5111999996 0 6583912.3433 150785.84339999966 0 6583913.5287999995 150784.03039999958 0 6583914.1263999995 150782.3509999998 0 6583914.5832 150779.15419999976 0 6583917.3215 150776.55530000012 0 6583938.0392 150794.00590000022 0 6583930.1708 150801.5795 0 6583923.335000001 150807.8080000002 0</gml:posList>
								</gml:LinearRing>
							</gml:exterior>
						</gml:PolygonPatch>
					</gml:patches>
				</gml:Surface>
			</hy-p:geometry>
			<hy-p:inspireId>
				<base:Identifier>
					<base:localId>b6293350-a7f3-4179-b84b-f06ea146d508</base:localId>
					<base:namespace>SE.SGP.VT</base:namespace>
				</base:Identifier>
			</hy-p:inspireId>
			<hy-p:origin xsi:nil="true" nilReason="unknown"/>
			<hy-p:persistence xsi:nil="true" nilReason="unknown"/>
			<hy-p:tidal xsi:nil="true" nilReason="inapplicable"/>
			<hy-p:drainsBasin xsi:nil="true" nilReason="unknown"/>
			<hy-p:elevation uom="m" xsi:nil="true" nilReason="unknown"/>
			<hy-p:meanDepth uom="m" xsi:nil="true" nilReason="unknown"/>
			<hy-p:surfaceArea uom="m" xsi:nil="true" nilReason="unknown"/>
			<vt:vattenTyp>sjö</vt:vattenTyp>
		</vt:VT_StillastaendeVatten>
	</vt:stillastaendeVatten>
	<vt:stillastaendeVatten>
		<vt:VT_StillastaendeVatten gml:id="SE.SGP.VT.0074cc90-6f69-4690-b820-8d56c8062942">
			<gml:boundedBy>
				<gml:Envelope srsName="urn:ogc:def:crs:EPSG::3008" srsDimension="2">
					<gml:lowerCorner>6583915.4549 150384.21030000038</gml:lowerCorner>
					<gml:upperCorner>6584013.5941 150482.3842000002</gml:upperCorner>
				</gml:Envelope>
			</gml:boundedBy>
			<hy-p:beginLifespanVersion>2019-05-07T07:48:44.6694156</hy-p:beginLifespanVersion>
			<hy-p:geometry>
				<gml:Surface gml:id="id-7d84f691-ac32-4050-94da-e9ac6cf3ed70-0" srsName="urn:ogc:def:crs:EPSG::3008" srsDimension="3">
					<gml:patches>
						<gml:PolygonPatch>
							<gml:exterior>
								<gml:LinearRing>
									<gml:posList>6583962.084100001 150482.3842000002 0 6583915.4549 150431.0005999999 0 6583967.52 150384.21030000038 0 6584013.5941 150434.98209999967 0 6583962.136499999 150482.33540000021 0 6583962.084100001 150482.3842000002 0</gml:posList>
								</gml:LinearRing>
							</gml:exterior>
						</gml:PolygonPatch>
					</gml:patches>
				</gml:Surface>
			</hy-p:geometry>
			<hy-p:inspireId>
				<base:Identifier>
					<base:localId>0074cc90-6f69-4690-b820-8d56c8062942</base:localId>
					<base:namespace>SE.SGP.VT</base:namespace>
				</base:Identifier>
			</hy-p:inspireId>
			<hy-p:origin xsi:nil="true" nilReason="unknown"/>
			<hy-p:persistence xsi:nil="true" nilReason="unknown"/>
			<hy-p:tidal xsi:nil="true" nilReason="inapplicable"/>
			<hy-p:drainsBasin xsi:nil="true" nilReason="unknown"/>
			<hy-p:elevation uom="m" xsi:nil="true" nilReason="unknown"/>
			<hy-p:meanDepth uom="m" xsi:nil="true" nilReason="unknown"/>
			<hy-p:surfaceArea uom="m" xsi:nil="true" nilReason="unknown"/>
			<vt:vattenTyp>sjö</vt:vattenTyp>
		</vt:VT_StillastaendeVatten>
	</vt:stillastaendeVatten>
	<vt:stillastaendeVatten>
		<vt:VT_StillastaendeVatten gml:id="SE.SGP.VT.5c4a4b98-23f4-445c-a076-8a3f269cca67">
			<gml:boundedBy>
				<gml:Envelope srsName="urn:ogc:def:crs:EPSG::3008" srsDimension="2">
					<gml:lowerCorner>6583832.066199999 150430.6024000002</gml:lowerCorner>
					<gml:upperCorner>6583962.084100001 150559.12849999964</gml:upperCorner>
				</gml:Envelope>
			</gml:boundedBy>
			<hy-p:beginLifespanVersion>2019-05-07T07:48:44.6724971</hy-p:beginLifespanVersion>
			<hy-p:geometry>
				<gml:Surface gml:id="id-0b70b63e-50e8-4c99-9caf-ac557e5fe970-0" srsName="urn:ogc:def:crs:EPSG::3008" srsDimension="3">
					<gml:patches>
						<gml:PolygonPatch>
							<gml:exterior>
								<gml:LinearRing>
									<gml:posList>6583832.3444 150505.6911000004 0 6583832.066199999 150505.54289999977 0 6583915.4549 150430.6024000002 0 6583962.084100001 150481.98599999957 0 6583897.963099999 150541.56570000015 0 6583879.061799999 150559.12849999964 0 6583878.714299999 150559.12619999982 0 6583832.3444 150505.6911000004 0</gml:posList>
								</gml:LinearRing>
							</gml:exterior>
						</gml:PolygonPatch>
					</gml:patches>
				</gml:Surface>
			</hy-p:geometry>
			<hy-p:inspireId>
				<base:Identifier>
					<base:localId>5c4a4b98-23f4-445c-a076-8a3f269cca67</base:localId>
					<base:namespace>SE.SGP.VT</base:namespace>
				</base:Identifier>
			</hy-p:inspireId>
			<hy-p:origin xsi:nil="true" nilReason="unknown"/>
			<hy-p:persistence xsi:nil="true" nilReason="unknown"/>
			<hy-p:tidal xsi:nil="true" nilReason="inapplicable"/>
			<hy-p:drainsBasin xsi:nil="true" nilReason="unknown"/>
			<hy-p:elevation uom="m" xsi:nil="true" nilReason="unknown"/>
			<hy-p:meanDepth uom="m" xsi:nil="true" nilReason="unknown"/>
			<hy-p:surfaceArea uom="m" xsi:nil="true" nilReason="unknown"/>
			<vt:vattenTyp>sjö</vt:vattenTyp>
		</vt:VT_StillastaendeVatten>
	</vt:stillastaendeVatten>
	<vt:stillastaendeVatten>
		<vt:VT_StillastaendeVatten gml:id="SE.SGP.VT.d3c400c1-874e-4ea4-ba45-ff165794d4e9">
			<gml:boundedBy>
				<gml:Envelope srsName="urn:ogc:def:crs:EPSG::3008" srsDimension="2">
					<gml:lowerCorner>6583713.2489 150457.91849999968</gml:lowerCorner>
					<gml:upperCorner>6583839.7064 150577.35940000042</gml:upperCorner>
				</gml:Envelope>
			</gml:boundedBy>
			<hy-p:beginLifespanVersion>2019-05-07T07:48:44.6751567</hy-p:beginLifespanVersion>
			<hy-p:geometry>
				<gml:Surface gml:id="id-baea3c68-4d3a-4b4e-8e5b-d8c3ad823f0a-0" srsName="urn:ogc:def:crs:EPSG::3008" srsDimension="3">
					<gml:patches>
						<gml:PolygonPatch>
							<gml:exterior>
								<gml:LinearRing>
									<gml:posList>6583714.598300001 150532.51900000032 0 6583713.2489 150532.14520000014 0 6583754.2816 150492.91610000003 0 6583790.8883 150457.91849999968 0 6583832.3444 150505.6911000004 0 6583839.7064 150514.17489999998 0 6583773.616800001 150577.35940000042 0 6583772.978800001 150577.1660000002 0 6583769.9815 150575.6205000002 0 6583768.4756000005 150574.5577999996 0 6583767.138900001 150573.7620000001 0 6583765.7765999995 150573.34609999973 0 6583764.378699999 150572.37729999982 0 6583763.2796 150570.96129999962 0 6583762.548800001 150570.1654000003 0 6583761.7071 150569.24859999958 0 6583760.8511 150568.09439999983 0 6583758.6855 150567.3262 0 6583757.4069 150566.6523000002 0 6583756.0591 150565.68149999995 0 6583754.9745000005 150564.89439999964 0 6583753.271600001 150563.89580000006 0 6583751.5154 150562.44539999962 0 6583749.783500001 150561.3728 0 6583748.4222 150560.98199999984 0 6583743.9594 150557.6808000002 0 6583742.5583 150556.40699999966 0 6583741.1085 150555.4572999999 0 6583738.507099999 150553.7575000003 0 6583735.3321 150551.3602 0 6583733.4563 150550.38580000028 0 6583731.155300001 150548.0867999997 0 6583729.454700001 150547.31230000034 0 6583727.954500001 150545.86349999998 0 6583726.6041 150544.2637 0 6583725.3287 150542.56479999982 0 6583723.2278 150541.46559999976 0 6583721.401699999 150540.16619999986 0 6583718.826199999 150538.41839999985 0 6583716.900699999 150536.59399999958 0 6583715.224400001 150533.91949999984 0 6583714.598300001 150532.51900000032 0</gml:posList>
								</gml:LinearRing>
							</gml:exterior>
						</gml:PolygonPatch>
					</gml:patches>
				</gml:Surface>
			</hy-p:geometry>
			<hy-p:inspireId>
				<base:Identifier>
					<base:localId>d3c400c1-874e-4ea4-ba45-ff165794d4e9</base:localId>
					<base:namespace>SE.SGP.VT</base:namespace>
				</base:Identifier>
			</hy-p:inspireId>
			<hy-p:origin xsi:nil="true" nilReason="unknown"/>
			<hy-p:persistence xsi:nil="true" nilReason="unknown"/>
			<hy-p:tidal xsi:nil="true" nilReason="inapplicable"/>
			<hy-p:drainsBasin xsi:nil="true" nilReason="unknown"/>
			<hy-p:elevation uom="m" xsi:nil="true" nilReason="unknown"/>
			<hy-p:meanDepth uom="m" xsi:nil="true" nilReason="unknown"/>
			<hy-p:surfaceArea uom="m" xsi:nil="true" nilReason="unknown"/>
			<vt:vattenTyp>sjö</vt:vattenTyp>
		</vt:VT_StillastaendeVatten>
	</vt:stillastaendeVatten>
	<vt:stillastaendeVatten>
		<vt:VT_StillastaendeVatten gml:id="SE.SGP.VT.a1970b36-fb57-4a35-9668-c1b815fa09a4">
			<gml:boundedBy>
				<gml:Envelope srsName="urn:ogc:def:crs:EPSG::3008" srsDimension="2">
					<gml:lowerCorner>6583638.103499999 150208.49930000026</gml:lowerCorner>
					<gml:upperCorner>6584096.529999999 150563.8728</gml:upperCorner>
				</gml:Envelope>
			</gml:boundedBy>
			<hy-p:beginLifespanVersion>2019-05-07T07:48:44.679525</hy-p:beginLifespanVersion>
			<hy-p:geometry>
				<gml:Surface gml:id="id-d1b95d0e-516f-4232-9b85-ad8bfbcd59eb-0" srsName="urn:ogc:def:crs:EPSG::3008" srsDimension="3">
					<gml:patches>
						<gml:PolygonPatch>
							<gml:exterior>
								<gml:LinearRing>
									<gml:posList>6584075.191500001 150346.12650000025 0 6584074.7842 150349.2268000003 0 6584074.9879 150353.6166000003 0 6584074.8718 150358.29669999983 0 6584075.364399999 150361.3361999998 0 6584076.3254 150364.5114000002 0 6584076.3048 150364.53129999992 0 6584076.310900001 150364.53129999992 0 6584076.5076 150365.19519999996 0 6584077.5713 150369.62420000043 0 6584078.9245 150373.43310000002 0 6584079.0174 150374.71619999968 0 6584033.678400001 150324.75439999998 0 6583832.3444 150505.6911000004 0 6583790.8883 150457.91849999968 0 6583754.2816 150492.91610000003 0 6583713.2489 150532.14520000014 0 6583711.7480999995 150531.12150000036 0 6583708.547800001 150529.6481999997 0 6583705.9475 150529.17339999974 0 6583703.772299999 150527.77529999986 0 6583700.821 150526.27579999994 0 6583697.546599999 150525.80260000005 0 6583694.5217 150525.92920000013 0 6583692.721100001 150526.35470000003 0 6583691.1723 150527.8049999997 0 6583690.947000001 150528.58019999973 0 6583690.048 150529.75590000022 0 6583688.2739 150530.80640000012 0 6583687.074200001 150531.2324000001 0 6583685.723999999 150532.15759999957 0 6583685.549699999 150532.9587000003 0 6583684.1491 150533.50789999962 0 6583682.250399999 150534.95949999988 0 6583679.751599999 150537.55960000027 0 6583678.453400001 150539.76070000045 0 6583677.3781 150540.5105999997 0 6583677.1537 150541.23680000007 0 6583677.479 150541.6615000004 0 6583677.453600001 150542.3365000002 0 6583676.6787 150543.63609999977 0 6583676.379899999 150545.03639999963 0 6583675.9299 150545.11180000007 0 6583675.379799999 150544.98720000032 0 6583674.780200001 150545.3627000004 0 6583674.1547 150545.96329999994 0 6583674.1555 150546.91229999997 0 6583673.9318 150548.48739999998 0 6583673.2071 150550.08800000045 0 6583671.7074 150551.5893000001 0 6583670.108200001 150552.53859999962 0 6583668.1338 150553.21530000027 0 6583666.6832 150553.6155000003 0 6583665.7094 150555.0404000003 0 6583663.809800001 150556.642 0 6583662.5603 150557.1919999998 0 6583661.261299999 150557.19209999964 0 6583660.4859 150557.7938000001 0 6583658.411599999 150558.66949999984 0 6583655.2872 150559.24519999977 0 6583652.911599999 150559.69620000012 0 6583650.837400001 150560.59800000023 0 6583649.3388 150562.19830000028 0 6583648.7323 150563.8728 0 6583638.103499999 150554.85639999993 0 6583727.306399999 150464.70069999993 0 6583765.3478 150430.84580000024 0 6584013.098999999 150210.35989999957 0 6584022.1504999995 150210.9793999996 0 6584027.1106 150209.4913999997 0 6584028.8466 150208.49930000026 0 6584041.990700001 150212.21939999983 0 6584045.958799999 150213.95540000033 0 6584054.142899999 150218.17150000017 0 6584060.839 150221.8914999999 0 6584066.047 150225.61149999965 0 6584070.5111 150231.31560000032 0 6584081.4232 150248.9238 0 6584089.111300001 150260.0839999998 0 6584093.8234 150272.98010000028 0 6584096.055400001 150286.37229999993 0 6584096.529999999 150296.28309999965 0 6584094.9429 150306.99600000028 0 6584090.578400001 150320.8831000002 0 6584085.1558 150330.5379999997 0 6584080.9428 150335.79169999994 0 6584078.0956 150339.03409999982 0 6584076.208699999 150342.7156999996 0 6584075.191500001 150346.12650000025 0</gml:posList>
								</gml:LinearRing>
							</gml:exterior>
						</gml:PolygonPatch>
					</gml:patches>
				</gml:Surface>
			</hy-p:geometry>
			<hy-p:inspireId>
				<base:Identifier>
					<base:localId>a1970b36-fb57-4a35-9668-c1b815fa09a4</base:localId>
					<base:namespace>SE.SGP.VT</base:namespace>
				</base:Identifier>
			</hy-p:inspireId>
			<hy-p:origin xsi:nil="true" nilReason="unknown"/>
			<hy-p:persistence xsi:nil="true" nilReason="unknown"/>
			<hy-p:tidal xsi:nil="true" nilReason="inapplicable"/>
			<hy-p:drainsBasin xsi:nil="true" nilReason="unknown"/>
			<hy-p:elevation uom="m" xsi:nil="true" nilReason="unknown"/>
			<hy-p:meanDepth uom="m" xsi:nil="true" nilReason="unknown"/>
			<hy-p:surfaceArea uom="m" xsi:nil="true" nilReason="unknown"/>
			<vt:vattenTyp>sjö</vt:vattenTyp>
		</vt:VT_StillastaendeVatten>
	</vt:stillastaendeVatten>
	<vt:stillastaendeVatten>
		<vt:VT_StillastaendeVatten gml:id="SE.SGP.VT.ba7ba97a-a4d0-4a70-8770-f43dd92c5092">
			<gml:boundedBy>
				<gml:Envelope srsName="urn:ogc:def:crs:EPSG::3008" srsDimension="2">
					<gml:lowerCorner>6583773.616800001 150514.17489999998</gml:lowerCorner>
					<gml:upperCorner>6583879.061799999 150585.3515999997</gml:upperCorner>
				</gml:Envelope>
			</gml:boundedBy>
			<hy-p:beginLifespanVersion>2019-05-07T07:48:44.6911682</hy-p:beginLifespanVersion>
			<hy-p:geometry>
				<gml:Surface gml:id="id-6723e2d2-3349-4603-89ae-4253209b9826-0" srsName="urn:ogc:def:crs:EPSG::3008" srsDimension="3">
					<gml:patches>
						<gml:PolygonPatch>
							<gml:exterior>
								<gml:LinearRing>
									<gml:posList>6583775.4464 150577.91390000004 0 6583773.616800001 150577.35940000042 0 6583839.7064 150514.17489999998 0 6583879.061799999 150559.52670000028 0 6583875.591700001 150559.5038999999 0 6583875.3552 150559.4132000003 0 6583873.7711 150558.80549999978 0 6583870.940099999 150557.60790000018 0 6583866.269099999 150556.3819000004 0 6583863.1896 150556.9955000002 0 6583859.6006000005 150558.1275000004 0 6583857.4114 150559.0694000004 0 6583855.2728 150560.79119999986 0 6583851.5438 150562.01439999975 0 6583848.5647 150563.03689999972 0 6583846.4769 150564.45859999955 0 6583844.0217 150565.40969999973 0 6583840.025800001 150566.6470999997 0 6583838.461200001 150567.14639999997 0 6583836.8188000005 150567.85680000018 0 6583835.6905000005 150567.55179999955 0 6583833.937000001 150568.1183000002 0 6583832.655099999 150569.33430000022 0 6583831.244000001 150570.5094999997 0 6583829.079700001 150571.33040000033 0 6583827.5298999995 150571.5307 0 6583826.552999999 150572.80250000022 0 6583825.7027 150573.6891999999 0 6583824.3684 150574.4813000001 0 6583822.353700001 150576.07299999986 0 6583820.481000001 150576.34460000042 0 6583818.9662999995 150576.69489999954 0 6583817.683 150577.5089999996 0 6583816.241900001 150578.60919999983 0 6583814.8191 150579.98639999982 0 6583813.4858 150580.8035000004 0 6583812.0187 150580.7218000004 0 6583810.726600001 150581.78780000005 0 6583809.2425999995 150583.0181 0 6583805.569700001 150584.28720000014 0 6583804.0107 150584.33750000037 0 6583801.383300001 150585.01169999968 0 6583799.269400001 150585.0714999996 0 6583798.4245 150585.25229999982 0 6583796.8936 150585.3515999997 0 6583793.657500001 150584.0223000003 0 6583790.3869 150583.32610000018 0 6583786.828199999 150582.4720999999 0 6583782.1129 150580.86120000016 0 6583779.9932 150580.04000000004 0 6583778.047800001 150579.56060000043 0 6583776.3949 150578.5580000002 0 6583775.4464 150577.91390000004 0</gml:posList>
								</gml:LinearRing>
							</gml:exterior>
						</gml:PolygonPatch>
					</gml:patches>
				</gml:Surface>
			</hy-p:geometry>
			<hy-p:inspireId>
				<base:Identifier>
					<base:localId>ba7ba97a-a4d0-4a70-8770-f43dd92c5092</base:localId>
					<base:namespace>SE.SGP.VT</base:namespace>
				</base:Identifier>
			</hy-p:inspireId>
			<hy-p:origin xsi:nil="true" nilReason="unknown"/>
			<hy-p:persistence xsi:nil="true" nilReason="unknown"/>
			<hy-p:tidal xsi:nil="true" nilReason="inapplicable"/>
			<hy-p:drainsBasin xsi:nil="true" nilReason="unknown"/>
			<hy-p:elevation uom="m" xsi:nil="true" nilReason="unknown"/>
			<hy-p:meanDepth uom="m" xsi:nil="true" nilReason="unknown"/>
			<hy-p:surfaceArea uom="m" xsi:nil="true" nilReason="unknown"/>
			<vt:vattenTyp>sjö</vt:vattenTyp>
		</vt:VT_StillastaendeVatten>
	</vt:stillastaendeVatten>
</vt:VT_VattenDatamangd>
